Age,Social_Media_Mentions,Ratings,Past_Clicks,Budget_Scale,Critical_Acclaim,Marketing_Reach,User_Engagement,Movie_Age,Gender_Male,Watch_Frequency_Monthly,Watch_Frequency_Weekly,Genre_Preference_Comedy,Genre_Preference_Drama,Genre_Preference_Horror
48.0,137.0,4.0,19.0,1.0,2.0,3.0,43.0,14.0,1.0,0.0,0.0,1.0,0.0,0.0
47.0,299.0,5.0,17.0,2.0,1.0,1.0,7.0,1.0,0.0,1.0,0.0,0.0,0.0,0.0
56.0,394.0,2.0,17.0,1.0,1.0,2.0,49.0,11.0,1.0,0.0,0.0,0.0,0.0,1.0
52.0,206.0,5.0,13.0,1.0,1.0,3.0,73.0,3.0,0.0,1.0,0.0,0.0,0.0,1.0
35.0,335.0,4.0,17.0,4.0,3.0,2.0,41.0,19.0,0.0,0.0,0.0,0.0,1.0,0.0
59.0,80.0,3.0,14.0,2.0,1.0,4.0,77.0,18.0,0.0,1.0,0.0,1.0,0.0,0.0
56.0,55.0,4.0,14.0,4.0,3.0,1.0,79.0,2.0,0.0,0.0,1.0,0.0,1.0,0.0
34.0,1.0,4.0,5.0,4.0,3.0,1.0,54.0,7.0,1.0,1.0,0.0,0.0,1.0,0.0
31.0,177.0,5.0,14.0,3.0,1.0,4.0,69.0,8.0,0.0,0.0,0.0,0.0,0.0,0.0
48.0,395.0,2.0,17.0,3.0,2.0,4.0,93.0,19.0,1.0,0.0,1.0,0.0,0.0,0.0
41.0,370.0,4.0,3.0,2.0,4.0,2.0,99.0,15.0,1.0,1.0,0.0,0.0,0.0,0.0
52.0,345.0,5.0,7.0,2.0,3.0,4.0,91.0,10.0,1.0,1.0,0.0,1.0,0.0,0.0
61.0,278.0,2.0,14.0,3.0,1.0,1.0,27.0,1.0,0.0,1.0,0.0,0.0,0.0,0.0
62.0,145.0,3.0,2.0,3.0,3.0,4.0,8.0,6.0,1.0,1.0,0.0,0.0,0.0,0.0
51.0,317.0,3.0,14.0,3.0,2.0,3.0,32.0,13.0,1.0,1.0,0.0,1.0,0.0,0.0
20.0,223.0,1.0,12.0,3.0,2.0,3.0,84.0,14.0,1.0,0.0,1.0,1.0,0.0,0.0
54.0,368.0,5.0,8.0,3.0,1.0,2.0,64.0,3.0,0.0,0.0,1.0,0.0,0.0,1.0
60.0,383.0,2.0,1.0,4.0,3.0,1.0,10.0,11.0,0.0,0.0,1.0,0.0,0.0,0.0
57.0,61.0,4.0,7.0,2.0,4.0,3.0,13.0,3.0,1.0,0.0,1.0,0.0,0.0,0.0
43.0,55.0,3.0,19.0,4.0,4.0,4.0,63.0,19.0,0.0,0.0,0.0,0.0,0.0,0.0
40.0,238.0,2.0,16.0,4.0,3.0,3.0,93.0,10.0,0.0,0.0,1.0,0.0,0.0,1.0
61.0,194.0,5.0,12.0,1.0,3.0,3.0,35.0,15.0,1.0,1.0,0.0,0.0,0.0,0.0
56.0,55.0,1.0,0.0,4.0,3.0,2.0,61.0,11.0,1.0,1.0,0.0,0.0,0.0,1.0
32.0,55.0,3.0,1.0,3.0,1.0,4.0,54.0,15.0,0.0,0.0,1.0,0.0,1.0,0.0
21.0,55.0,2.0,14.0,3.0,2.0,4.0,8.0,13.0,1.0,1.0,0.0,0.0,0.0,1.0
46.0,55.0,2.0,11.0,1.0,4.0,4.0,29.0,5.0,0.0,0.0,1.0,0.0,1.0,0.0
39.0,128.0,2.0,13.0,1.0,1.0,2.0,95.0,4.0,0.0,1.0,0.0,0.0,0.0,0.0
42.0,477.0,5.0,1.0,1.0,3.0,4.0,41.0,13.0,0.0,0.0,0.0,0.0,1.0,0.0
30.0,172.0,5.0,17.0,1.0,3.0,4.0,30.0,9.0,0.0,0.0,0.0,0.0,0.0,1.0
35.0,479.0,5.0,6.0,1.0,2.0,3.0,86.0,17.0,0.0,0.0,1.0,1.0,0.0,0.0
50.0,155.0,4.0,5.0,4.0,3.0,3.0,21.0,2.0,0.0,0.0,1.0,0.0,1.0,0.0
33.0,404.0,2.0,13.0,1.0,1.0,4.0,76.0,5.0,1.0,0.0,1.0,0.0,1.0,0.0
62.0,55.0,3.0,7.0,4.0,1.0,1.0,11.0,16.0,1.0,1.0,0.0,0.0,0.0,0.0
59.0,109.0,5.0,1.0,2.0,2.0,1.0,2.0,7.0,0.0,0.0,1.0,0.0,0.0,1.0
61.0,268.0,5.0,16.0,1.0,1.0,4.0,50.0,1.0,0.0,0.0,0.0,0.0,1.0,0.0
19.0,410.0,2.0,4.0,1.0,4.0,1.0,41.0,12.0,0.0,1.0,0.0,0.0,1.0,0.0
52.0,355.0,5.0,13.0,4.0,1.0,2.0,66.0,11.0,1.0,0.0,1.0,0.0,1.0,0.0
59.0,390.0,4.0,19.0,2.0,1.0,3.0,98.0,12.0,0.0,1.0,0.0,0.0,1.0,0.0
51.0,277.0,4.0,2.0,4.0,1.0,2.0,3.0,19.0,1.0,1.0,0.0,1.0,0.0,0.0
47.0,55.0,5.0,4.0,4.0,4.0,3.0,80.0,12.0,0.0,0.0,1.0,0.0,0.0,1.0
30.0,486.0,2.0,15.0,1.0,3.0,1.0,51.0,12.0,0.0,1.0,0.0,0.0,0.0,0.0
30.0,436.0,2.0,17.0,3.0,1.0,1.0,68.0,14.0,1.0,0.0,0.0,0.0,0.0,0.0
35.0,462.0,2.0,16.0,3.0,2.0,4.0,87.0,2.0,1.0,0.0,0.0,1.0,0.0,0.0
49.0,206.0,1.0,10.0,4.0,4.0,1.0,84.0,2.0,0.0,1.0,0.0,0.0,0.0,1.0
49.0,387.0,5.0,16.0,1.0,2.0,1.0,25.0,4.0,0.0,0.0,1.0,0.0,1.0,0.0
52.0,479.0,2.0,15.0,2.0,1.0,4.0,30.0,16.0,0.0,1.0,0.0,1.0,0.0,0.0
56.0,278.0,4.0,1.0,3.0,2.0,4.0,82.0,10.0,1.0,0.0,0.0,0.0,0.0,1.0
63.0,374.0,3.0,3.0,2.0,1.0,3.0,11.0,13.0,1.0,1.0,0.0,0.0,1.0,0.0
46.0,55.0,3.0,6.0,3.0,4.0,1.0,93.0,2.0,1.0,1.0,0.0,1.0,0.0,0.0
46.0,471.0,2.0,1.0,1.0,2.0,3.0,17.0,3.0,1.0,0.0,0.0,0.0,0.0,1.0
61.0,339.0,3.0,5.0,4.0,2.0,3.0,26.0,19.0,1.0,1.0,0.0,0.0,0.0,0.0
33.0,356.0,3.0,16.0,2.0,1.0,2.0,23.0,6.0,1.0,1.0,0.0,0.0,0.0,0.0
61.0,339.0,1.0,6.0,2.0,1.0,1.0,56.0,19.0,0.0,0.0,1.0,0.0,0.0,1.0
64.0,55.0,10.0,4.0,4.0,3.0,1.0,52.0,19.0,0.0,0.0,1.0,0.0,0.0,0.0
27.0,160.0,4.0,4.0,2.0,1.0,2.0,48.0,8.0,1.0,0.0,0.0,0.0,0.0,1.0
47.0,27.0,1.0,19.0,3.0,1.0,3.0,20.0,14.0,0.0,0.0,0.0,0.0,1.0,0.0
42.0,391.0,10.0,15.0,4.0,3.0,1.0,2.0,10.0,0.0,0.0,0.0,0.0,0.0,1.0
56.0,256.0,3.0,18.0,3.0,1.0,3.0,88.0,3.0,1.0,0.0,1.0,0.0,1.0,0.0
37.0,164.0,5.0,8.0,3.0,1.0,2.0,31.0,6.0,0.0,0.0,0.0,1.0,0.0,0.0
22.0,62.0,3.0,4.0,1.0,3.0,4.0,27.0,15.0,1.0,0.0,0.0,0.0,0.0,1.0
18.0,21.0,1.0,7.0,3.0,4.0,3.0,2.0,18.0,1.0,0.0,0.0,1.0,0.0,0.0
47.0,69.0,4.0,8.0,1.0,4.0,1.0,78.0,14.0,0.0,0.0,1.0,0.0,0.0,0.0
20.0,380.0,3.0,4.0,2.0,1.0,4.0,4.0,19.0,1.0,1.0,0.0,0.0,1.0,0.0
62.0,404.0,5.0,9.0,2.0,1.0,3.0,13.0,10.0,1.0,0.0,0.0,0.0,0.0,1.0
31.0,95.0,3.0,1.0,1.0,3.0,3.0,35.0,15.0,1.0,1.0,0.0,1.0,0.0,0.0
47.0,162.0,2.0,8.0,3.0,3.0,4.0,72.0,4.0,1.0,0.0,0.0,0.0,1.0,0.0
21.0,78.0,3.0,10.0,4.0,4.0,4.0,66.0,2.0,1.0,1.0,0.0,0.0,1.0,0.0
35.0,4.0,1.0,3.0,4.0,2.0,4.0,6.0,3.0,1.0,0.0,1.0,0.0,0.0,0.0
54.0,55.0,4.0,1.0,1.0,1.0,1.0,31.0,7.0,1.0,0.0,1.0,0.0,0.0,0.0
42.0,55.0,4.0,5.0,2.0,2.0,1.0,10.0,16.0,1.0,0.0,0.0,0.0,1.0,0.0
18.0,301.0,1.0,13.0,2.0,2.0,3.0,21.0,10.0,0.0,1.0,0.0,0.0,1.0,0.0
63.0,177.0,2.0,0.0,4.0,3.0,3.0,74.0,19.0,0.0,0.0,1.0,0.0,0.0,1.0
32.0,175.0,1.0,17.0,1.0,1.0,2.0,23.0,17.0,0.0,0.0,0.0,0.0,1.0,0.0
26.0,389.0,3.0,6.0,4.0,1.0,1.0,3.0,19.0,1.0,0.0,0.0,0.0,0.0,1.0
32.0,216.0,1.0,0.0,3.0,3.0,3.0,32.0,5.0,1.0,0.0,1.0,0.0,1.0,0.0
41.0,55.0,10.0,0.0,3.0,2.0,4.0,20.0,13.0,0.0,0.0,1.0,0.0,0.0,0.0
21.0,365.0,2.0,0.0,1.0,3.0,4.0,74.0,13.0,0.0,0.0,0.0,0.0,0.0,1.0
29.0,186.0,3.0,3.0,1.0,4.0,1.0,29.0,11.0,0.0,1.0,0.0,1.0,0.0,0.0
54.0,231.0,5.0,3.0,3.0,1.0,4.0,52.0,11.0,1.0,1.0,0.0,0.0,0.0,0.0
54.0,254.0,5.0,17.0,2.0,4.0,2.0,46.0,16.0,0.0,1.0,0.0,0.0,0.0,1.0
60.0,412.0,4.0,10.0,1.0,3.0,3.0,34.0,15.0,0.0,0.0,0.0,0.0,0.0,1.0
23.0,454.0,1.0,0.0,3.0,1.0,3.0,84.0,17.0,1.0,0.0,1.0,1.0,0.0,0.0
56.0,103.0,4.0,9.0,3.0,4.0,3.0,61.0,18.0,0.0,0.0,0.0,0.0,0.0,1.0
63.0,76.0,2.0,8.0,2.0,4.0,1.0,72.0,19.0,1.0,0.0,1.0,0.0,1.0,0.0
41.0,55.0,5.0,3.0,2.0,2.0,4.0,71.0,4.0,1.0,1.0,0.0,1.0,0.0,0.0
28.0,401.0,1.0,5.0,2.0,1.0,2.0,70.0,5.0,1.0,1.0,0.0,0.0,0.0,0.0
30.0,257.0,2.0,15.0,2.0,4.0,1.0,11.0,7.0,0.0,0.0,1.0,0.0,0.0,0.0
51.0,55.0,2.0,1.0,4.0,4.0,3.0,82.0,2.0,0.0,0.0,1.0,0.0,1.0,0.0
42.0,55.0,1.0,17.0,2.0,2.0,2.0,93.0,1.0,1.0,0.0,0.0,0.0,0.0,0.0
24.0,480.0,2.0,9.0,4.0,4.0,3.0,89.0,12.0,0.0,1.0,0.0,0.0,0.0,1.0
21.0,181.0,1.0,16.0,1.0,4.0,3.0,63.0,10.0,0.0,0.0,0.0,0.0,0.0,1.0
25.0,380.0,1.0,12.0,3.0,4.0,1.0,21.0,8.0,0.0,0.0,0.0,0.0,1.0,0.0
37.0,255.0,10.0,17.0,4.0,2.0,3.0,3.0,1.0,0.0,0.0,0.0,0.0,0.0,0.0
46.0,37.0,4.0,12.0,1.0,4.0,2.0,82.0,12.0,1.0,1.0,0.0,0.0,0.0,0.0
62.0,55.0,2.0,16.0,1.0,4.0,3.0,88.0,2.0,0.0,0.0,0.0,0.0,1.0,0.0
63.0,26.0,2.0,4.0,4.0,1.0,4.0,10.0,10.0,1.0,0.0,0.0,1.0,0.0,0.0
27.0,55.0,3.0,10.0,1.0,1.0,3.0,27.0,17.0,1.0,0.0,0.0,0.0,0.0,0.0
60.0,55.0,3.0,6.0,1.0,2.0,1.0,12.0,3.0,0.0,0.0,0.0,1.0,0.0,0.0
51.0,55.0,3.0,9.0,4.0,3.0,2.0,7.0,7.0,1.0,0.0,0.0,0.0,0.0,0.0
43.0,444.0,5.0,16.0,1.0,1.0,1.0,17.0,12.0,0.0,0.0,0.0,0.0,0.0,0.0
58.0,286.0,5.0,14.0,2.0,2.0,4.0,65.0,8.0,0.0,1.0,0.0,0.0,0.0,0.0
20.0,90.0,5.0,17.0,2.0,4.0,3.0,64.0,12.0,1.0,0.0,0.0,0.0,0.0,0.0
23.0,479.0,1.0,18.0,3.0,4.0,1.0,26.0,3.0,1.0,0.0,1.0,0.0,0.0,1.0
22.0,60.0,2.0,1.0,1.0,2.0,1.0,15.0,17.0,1.0,0.0,0.0,1.0,0.0,0.0
22.0,457.0,4.0,3.0,3.0,4.0,1.0,33.0,9.0,1.0,0.0,0.0,1.0,0.0,0.0
64.0,450.0,1.0,2.0,2.0,4.0,1.0,62.0,10.0,0.0,1.0,0.0,0.0,0.0,0.0
40.0,364.0,2.0,6.0,2.0,3.0,4.0,47.0,6.0,0.0,1.0,0.0,0.0,0.0,0.0
26.0,346.0,2.0,17.0,2.0,4.0,4.0,95.0,1.0,0.0,0.0,1.0,1.0,0.0,0.0
52.0,162.0,3.0,9.0,1.0,1.0,3.0,35.0,12.0,1.0,0.0,1.0,0.0,0.0,1.0
37.0,55.0,10.0,6.0,1.0,4.0,3.0,65.0,5.0,1.0,1.0,0.0,0.0,1.0,0.0
59.0,142.0,1.0,7.0,2.0,2.0,2.0,72.0,13.0,1.0,1.0,0.0,0.0,1.0,0.0
52.0,55.0,3.0,5.0,3.0,3.0,4.0,76.0,15.0,0.0,0.0,0.0,1.0,0.0,0.0
35.0,252.0,2.0,0.0,3.0,4.0,1.0,83.0,11.0,1.0,1.0,0.0,0.0,0.0,0.0
34.0,268.0,3.0,3.0,4.0,2.0,1.0,25.0,8.0,0.0,0.0,1.0,0.0,0.0,0.0
41.0,368.0,5.0,13.0,2.0,1.0,2.0,57.0,5.0,1.0,0.0,0.0,0.0,0.0,1.0
20.0,290.0,3.0,16.0,3.0,4.0,1.0,32.0,2.0,0.0,0.0,1.0,0.0,1.0,0.0
49.0,499.0,2.0,19.0,2.0,3.0,2.0,63.0,12.0,0.0,0.0,0.0,0.0,0.0,1.0
52.0,458.0,1.0,17.0,3.0,4.0,3.0,12.0,2.0,1.0,1.0,0.0,0.0,1.0,0.0
55.0,186.0,4.0,10.0,4.0,2.0,4.0,63.0,16.0,1.0,0.0,1.0,1.0,0.0,0.0
30.0,404.0,3.0,13.0,4.0,3.0,2.0,77.0,3.0,0.0,0.0,0.0,0.0,1.0,0.0
64.0,498.0,2.0,8.0,2.0,4.0,1.0,92.0,10.0,0.0,0.0,0.0,0.0,0.0,1.0
42.0,437.0,4.0,14.0,3.0,1.0,2.0,1.0,19.0,1.0,1.0,0.0,0.0,0.0,1.0
26.0,458.0,4.0,11.0,1.0,3.0,3.0,51.0,8.0,1.0,1.0,0.0,0.0,0.0,1.0
21.0,413.0,5.0,9.0,4.0,1.0,1.0,70.0,7.0,0.0,1.0,0.0,1.0,0.0,0.0
31.0,55.0,4.0,18.0,2.0,2.0,3.0,8.0,1.0,1.0,0.0,1.0,0.0,1.0,0.0
54.0,290.0,2.0,18.0,2.0,4.0,3.0,68.0,12.0,0.0,0.0,0.0,0.0,1.0,0.0
51.0,85.0,2.0,5.0,3.0,1.0,2.0,5.0,5.0,0.0,1.0,0.0,0.0,0.0,1.0
28.0,165.0,3.0,19.0,2.0,2.0,3.0,89.0,16.0,1.0,0.0,1.0,0.0,1.0,0.0
58.0,55.0,3.0,5.0,4.0,4.0,1.0,86.0,4.0,1.0,0.0,1.0,0.0,0.0,0.0
20.0,461.0,3.0,7.0,2.0,2.0,3.0,92.0,17.0,1.0,0.0,1.0,0.0,0.0,0.0
45.0,55.0,4.0,0.0,2.0,1.0,3.0,39.0,2.0,1.0,1.0,0.0,0.0,0.0,0.0
46.0,113.0,4.0,16.0,1.0,2.0,2.0,23.0,12.0,1.0,1.0,0.0,0.0,1.0,0.0
26.0,432.0,5.0,16.0,1.0,3.0,3.0,68.0,1.0,0.0,0.0,0.0,1.0,0.0,0.0
20.0,479.0,3.0,14.0,4.0,4.0,4.0,52.0,12.0,0.0,0.0,0.0,1.0,0.0,0.0
42.0,355.0,1.0,6.0,3.0,2.0,2.0,4.0,12.0,1.0,1.0,0.0,1.0,0.0,0.0
51.0,55.0,5.0,18.0,1.0,1.0,2.0,47.0,12.0,1.0,0.0,1.0,1.0,0.0,0.0
29.0,55.0,1.0,2.0,3.0,4.0,1.0,21.0,19.0,1.0,0.0,1.0,0.0,0.0,0.0
59.0,55.0,10.0,10.0,4.0,3.0,1.0,56.0,17.0,0.0,0.0,1.0,0.0,0.0,0.0
26.0,255.0,5.0,19.0,1.0,4.0,1.0,66.0,11.0,1.0,0.0,0.0,0.0,0.0,1.0
32.0,234.0,5.0,18.0,3.0,3.0,1.0,59.0,13.0,1.0,0.0,1.0,0.0,1.0,0.0
57.0,441.0,10.0,8.0,1.0,4.0,4.0,7.0,8.0,0.0,0.0,0.0,0.0,1.0,0.0
42.0,354.0,4.0,9.0,4.0,2.0,2.0,49.0,10.0,0.0,0.0,0.0,1.0,0.0,0.0
22.0,55.0,4.0,1.0,4.0,2.0,3.0,16.0,8.0,1.0,0.0,1.0,0.0,0.0,0.0
28.0,207.0,5.0,0.0,1.0,1.0,1.0,17.0,8.0,1.0,0.0,1.0,1.0,0.0,0.0
51.0,196.0,4.0,15.0,3.0,3.0,1.0,84.0,9.0,1.0,1.0,0.0,0.0,0.0,1.0
41.0,340.0,5.0,17.0,2.0,1.0,1.0,87.0,7.0,0.0,1.0,0.0,0.0,1.0,0.0
32.0,124.0,2.0,16.0,2.0,2.0,3.0,98.0,14.0,1.0,0.0,1.0,0.0,1.0,0.0
55.0,55.0,5.0,5.0,1.0,3.0,1.0,75.0,2.0,1.0,0.0,0.0,1.0,0.0,0.0
25.0,338.0,4.0,13.0,3.0,1.0,3.0,34.0,11.0,1.0,0.0,0.0,0.0,0.0,1.0
22.0,55.0,4.0,14.0,2.0,1.0,2.0,33.0,8.0,0.0,0.0,0.0,0.0,1.0,0.0
43.0,67.0,5.0,13.0,4.0,1.0,2.0,26.0,13.0,0.0,0.0,0.0,0.0,0.0,1.0
35.0,60.0,5.0,2.0,3.0,1.0,2.0,66.0,15.0,1.0,0.0,0.0,0.0,0.0,1.0
23.0,28.0,5.0,18.0,2.0,1.0,4.0,63.0,3.0,1.0,1.0,0.0,1.0,0.0,0.0
54.0,382.0,3.0,11.0,3.0,3.0,3.0,87.0,14.0,0.0,0.0,1.0,0.0,0.0,0.0
30.0,18.0,4.0,1.0,1.0,1.0,1.0,41.0,15.0,0.0,1.0,0.0,1.0,0.0,0.0
45.0,170.0,4.0,2.0,3.0,3.0,1.0,86.0,2.0,0.0,0.0,0.0,0.0,0.0,0.0
22.0,449.0,3.0,17.0,2.0,1.0,1.0,58.0,19.0,0.0,0.0,0.0,0.0,0.0,1.0
30.0,73.0,5.0,0.0,1.0,2.0,1.0,98.0,12.0,0.0,0.0,0.0,0.0,0.0,0.0
34.0,60.0,2.0,19.0,3.0,2.0,4.0,79.0,4.0,0.0,0.0,0.0,0.0,0.0,1.0
57.0,426.0,5.0,5.0,4.0,1.0,1.0,10.0,3.0,0.0,0.0,1.0,0.0,1.0,0.0
62.0,152.0,5.0,4.0,2.0,4.0,4.0,15.0,5.0,0.0,0.0,0.0,0.0,1.0,0.0
49.0,275.0,3.0,0.0,1.0,2.0,3.0,42.0,3.0,0.0,0.0,1.0,0.0,1.0,0.0
46.0,47.0,4.0,18.0,3.0,3.0,2.0,93.0,15.0,1.0,0.0,0.0,1.0,0.0,0.0
20.0,210.0,5.0,0.0,4.0,1.0,1.0,57.0,19.0,1.0,0.0,1.0,1.0,0.0,0.0
57.0,342.0,4.0,15.0,2.0,3.0,2.0,87.0,2.0,1.0,1.0,0.0,0.0,0.0,1.0
51.0,407.0,1.0,11.0,4.0,4.0,3.0,17.0,12.0,0.0,0.0,0.0,0.0,1.0,0.0
57.0,55.0,4.0,7.0,3.0,1.0,3.0,60.0,5.0,1.0,0.0,1.0,1.0,0.0,0.0
44.0,109.0,2.0,15.0,3.0,2.0,1.0,9.0,17.0,0.0,1.0,0.0,0.0,1.0,0.0
30.0,55.0,2.0,0.0,1.0,3.0,3.0,36.0,14.0,0.0,0.0,0.0,1.0,0.0,0.0
62.0,55.0,5.0,3.0,4.0,2.0,2.0,73.0,10.0,1.0,0.0,0.0,0.0,0.0,0.0
50.0,27.0,4.0,9.0,1.0,2.0,1.0,80.0,3.0,0.0,0.0,0.0,0.0,0.0,0.0
23.0,196.0,10.0,10.0,2.0,1.0,4.0,36.0,4.0,1.0,0.0,1.0,0.0,1.0,0.0
41.0,190.0,3.0,16.0,1.0,3.0,1.0,48.0,6.0,1.0,0.0,1.0,0.0,0.0,1.0
36.0,314.0,2.0,6.0,2.0,4.0,2.0,51.0,16.0,1.0,1.0,0.0,1.0,0.0,0.0
33.0,388.0,5.0,11.0,3.0,2.0,1.0,97.0,7.0,0.0,0.0,1.0,1.0,0.0,0.0
57.0,50.0,3.0,6.0,3.0,1.0,1.0,95.0,15.0,1.0,0.0,1.0,0.0,0.0,0.0
45.0,55.0,5.0,11.0,4.0,1.0,2.0,70.0,11.0,0.0,0.0,0.0,0.0,0.0,0.0
50.0,267.0,4.0,14.0,2.0,4.0,1.0,74.0,1.0,1.0,0.0,0.0,0.0,0.0,1.0
58.0,49.0,4.0,1.0,3.0,1.0,1.0,80.0,5.0,1.0,0.0,0.0,0.0,0.0,1.0
30.0,387.0,4.0,13.0,4.0,2.0,2.0,68.0,13.0,1.0,0.0,0.0,0.0,0.0,1.0
60.0,55.0,4.0,12.0,4.0,1.0,3.0,22.0,14.0,0.0,0.0,0.0,0.0,1.0,0.0
62.0,112.0,1.0,3.0,1.0,3.0,2.0,77.0,9.0,0.0,0.0,0.0,0.0,0.0,0.0
42.0,169.0,3.0,13.0,4.0,3.0,1.0,80.0,17.0,0.0,0.0,0.0,0.0,1.0,0.0
59.0,55.0,3.0,13.0,3.0,2.0,4.0,93.0,15.0,1.0,1.0,0.0,0.0,0.0,0.0
53.0,165.0,4.0,15.0,1.0,3.0,4.0,6.0,7.0,1.0,1.0,0.0,0.0,0.0,0.0
44.0,408.0,1.0,6.0,2.0,4.0,2.0,26.0,12.0,0.0,1.0,0.0,1.0,0.0,0.0
55.0,13.0,4.0,18.0,2.0,1.0,4.0,75.0,6.0,0.0,1.0,0.0,0.0,0.0,0.0
24.0,202.0,1.0,1.0,3.0,2.0,1.0,88.0,16.0,0.0,0.0,0.0,0.0,0.0,0.0
22.0,287.0,4.0,9.0,3.0,4.0,1.0,93.0,5.0,0.0,1.0,0.0,0.0,1.0,0.0
60.0,55.0,2.0,17.0,1.0,1.0,2.0,3.0,9.0,0.0,0.0,0.0,0.0,0.0,0.0
62.0,188.0,2.0,16.0,1.0,4.0,1.0,52.0,14.0,0.0,1.0,0.0,0.0,1.0,0.0
48.0,401.0,5.0,4.0,3.0,2.0,3.0,74.0,8.0,1.0,0.0,1.0,0.0,0.0,1.0
40.0,154.0,4.0,11.0,3.0,2.0,1.0,60.0,14.0,0.0,1.0,0.0,0.0,0.0,0.0
59.0,54.0,3.0,5.0,2.0,4.0,2.0,63.0,12.0,1.0,1.0,0.0,0.0,0.0,0.0
27.0,181.0,5.0,8.0,2.0,1.0,3.0,65.0,10.0,1.0,0.0,0.0,0.0,1.0,0.0
49.0,209.0,2.0,19.0,2.0,3.0,3.0,52.0,13.0,0.0,1.0,0.0,0.0,0.0,1.0
60.0,55.0,4.0,0.0,3.0,3.0,4.0,90.0,19.0,0.0,0.0,1.0,1.0,0.0,0.0
47.0,470.0,5.0,14.0,4.0,4.0,1.0,76.0,15.0,1.0,0.0,0.0,0.0,0.0,1.0
56.0,74.0,4.0,5.0,3.0,2.0,2.0,14.0,8.0,0.0,0.0,0.0,0.0,1.0,0.0
48.0,276.0,2.0,18.0,3.0,1.0,4.0,89.0,10.0,0.0,1.0,0.0,0.0,0.0,1.0
35.0,427.0,5.0,17.0,2.0,1.0,4.0,72.0,3.0,1.0,0.0,0.0,0.0,1.0,0.0
53.0,132.0,2.0,5.0,3.0,2.0,1.0,68.0,3.0,1.0,0.0,0.0,0.0,1.0,0.0
19.0,55.0,1.0,12.0,1.0,3.0,1.0,28.0,5.0,1.0,0.0,0.0,1.0,0.0,0.0
31.0,424.0,2.0,0.0,3.0,1.0,2.0,71.0,16.0,0.0,0.0,0.0,0.0,0.0,0.0
30.0,58.0,4.0,12.0,3.0,4.0,4.0,10.0,17.0,1.0,0.0,0.0,0.0,1.0,0.0
46.0,344.0,3.0,6.0,3.0,3.0,2.0,57.0,6.0,0.0,0.0,0.0,0.0,1.0,0.0
29.0,55.0,2.0,14.0,3.0,4.0,4.0,66.0,16.0,1.0,0.0,1.0,1.0,0.0,0.0
56.0,55.0,3.0,11.0,4.0,3.0,4.0,90.0,2.0,1.0,1.0,0.0,0.0,1.0,0.0
19.0,457.0,1.0,0.0,3.0,2.0,4.0,50.0,15.0,1.0,0.0,1.0,0.0,0.0,0.0
49.0,405.0,5.0,14.0,1.0,4.0,1.0,14.0,18.0,0.0,0.0,0.0,1.0,0.0,0.0
30.0,338.0,5.0,3.0,1.0,4.0,4.0,16.0,1.0,0.0,0.0,0.0,0.0,0.0,0.0
63.0,320.0,3.0,12.0,3.0,2.0,4.0,54.0,19.0,1.0,1.0,0.0,0.0,0.0,0.0
44.0,63.0,5.0,4.0,2.0,4.0,4.0,43.0,12.0,1.0,0.0,1.0,1.0,0.0,0.0
58.0,326.0,2.0,1.0,4.0,3.0,3.0,42.0,8.0,1.0,1.0,0.0,0.0,1.0,0.0
34.0,259.0,3.0,0.0,3.0,1.0,1.0,81.0,6.0,0.0,0.0,1.0,0.0,0.0,0.0
57.0,55.0,4.0,15.0,3.0,1.0,3.0,22.0,12.0,1.0,0.0,0.0,0.0,0.0,0.0
48.0,142.0,2.0,5.0,3.0,2.0,1.0,68.0,7.0,0.0,1.0,0.0,0.0,0.0,0.0
51.0,103.0,2.0,15.0,2.0,3.0,2.0,19.0,18.0,1.0,1.0,0.0,0.0,0.0,0.0
41.0,55.0,2.0,13.0,2.0,4.0,3.0,66.0,14.0,1.0,0.0,0.0,1.0,0.0,0.0
62.0,405.0,4.0,2.0,2.0,4.0,2.0,39.0,8.0,1.0,1.0,0.0,1.0,0.0,0.0
52.0,213.0,1.0,14.0,4.0,1.0,4.0,73.0,14.0,1.0,0.0,1.0,0.0,0.0,1.0
23.0,241.0,5.0,2.0,1.0,4.0,2.0,19.0,5.0,1.0,0.0,1.0,0.0,0.0,1.0
36.0,55.0,3.0,1.0,4.0,1.0,2.0,16.0,9.0,1.0,0.0,1.0,0.0,0.0,0.0
47.0,208.0,1.0,0.0,2.0,2.0,2.0,54.0,8.0,0.0,0.0,1.0,0.0,1.0,0.0
24.0,92.0,3.0,8.0,1.0,4.0,2.0,25.0,2.0,1.0,0.0,0.0,0.0,0.0,0.0
27.0,55.0,5.0,8.0,1.0,3.0,1.0,18.0,16.0,0.0,1.0,0.0,0.0,1.0,0.0
58.0,141.0,4.0,6.0,2.0,4.0,3.0,23.0,13.0,1.0,0.0,1.0,0.0,0.0,0.0
49.0,433.0,2.0,2.0,2.0,1.0,1.0,85.0,7.0,1.0,0.0,0.0,0.0,0.0,1.0
51.0,403.0,2.0,17.0,4.0,2.0,1.0,11.0,16.0,0.0,1.0,0.0,0.0,0.0,1.0
45.0,433.0,4.0,10.0,2.0,1.0,1.0,39.0,7.0,1.0,1.0,0.0,0.0,1.0,0.0
32.0,111.0,1.0,6.0,1.0,4.0,2.0,68.0,14.0,0.0,0.0,0.0,0.0,0.0,0.0
47.0,55.0,1.0,8.0,3.0,1.0,1.0,25.0,14.0,0.0,0.0,0.0,0.0,1.0,0.0
54.0,374.0,3.0,0.0,2.0,1.0,3.0,63.0,12.0,1.0,0.0,1.0,0.0,0.0,1.0
46.0,58.0,4.0,13.0,2.0,2.0,1.0,96.0,1.0,0.0,1.0,0.0,0.0,0.0,0.0
39.0,55.0,1.0,19.0,4.0,3.0,4.0,30.0,1.0,0.0,1.0,0.0,0.0,0.0,0.0
21.0,55.0,4.0,5.0,4.0,4.0,2.0,45.0,12.0,1.0,0.0,0.0,0.0,1.0,0.0
37.0,267.0,5.0,6.0,2.0,2.0,4.0,90.0,15.0,0.0,1.0,0.0,1.0,0.0,0.0
49.0,295.0,10.0,9.0,1.0,3.0,3.0,61.0,4.0,1.0,0.0,1.0,0.0,1.0,0.0
53.0,117.0,2.0,6.0,1.0,1.0,3.0,51.0,7.0,1.0,1.0,0.0,0.0,0.0,1.0
21.0,19.0,2.0,1.0,3.0,3.0,3.0,98.0,16.0,1.0,0.0,0.0,0.0,0.0,1.0
44.0,221.0,4.0,3.0,2.0,1.0,3.0,9.0,3.0,1.0,0.0,0.0,0.0,0.0,1.0
34.0,165.0,4.0,16.0,4.0,1.0,1.0,76.0,7.0,0.0,0.0,1.0,0.0,0.0,1.0
29.0,130.0,3.0,0.0,1.0,2.0,2.0,2.0,6.0,1.0,0.0,1.0,0.0,0.0,1.0
39.0,155.0,2.0,9.0,3.0,1.0,3.0,5.0,16.0,1.0,1.0,0.0,1.0,0.0,0.0
34.0,183.0,3.0,18.0,2.0,2.0,4.0,62.0,8.0,0.0,1.0,0.0,0.0,0.0,0.0
27.0,89.0,2.0,14.0,1.0,3.0,3.0,69.0,6.0,1.0,0.0,0.0,0.0,1.0,0.0
18.0,55.0,3.0,9.0,2.0,3.0,2.0,52.0,10.0,1.0,0.0,1.0,0.0,1.0,0.0
39.0,55.0,3.0,18.0,2.0,1.0,4.0,86.0,16.0,0.0,0.0,1.0,0.0,0.0,1.0
43.0,460.0,5.0,11.0,1.0,2.0,4.0,5.0,11.0,0.0,0.0,1.0,0.0,1.0,0.0
35.0,321.0,3.0,15.0,1.0,1.0,4.0,59.0,13.0,0.0,1.0,0.0,0.0,0.0,1.0
31.0,55.0,4.0,8.0,1.0,2.0,1.0,68.0,6.0,0.0,0.0,1.0,1.0,0.0,0.0
64.0,432.0,3.0,14.0,2.0,2.0,3.0,9.0,1.0,0.0,0.0,0.0,1.0,0.0,0.0
46.0,229.0,2.0,16.0,2.0,2.0,1.0,93.0,19.0,0.0,0.0,0.0,0.0,0.0,0.0
29.0,321.0,3.0,13.0,3.0,3.0,4.0,22.0,12.0,0.0,1.0,0.0,1.0,0.0,0.0
53.0,291.0,1.0,17.0,4.0,2.0,1.0,27.0,6.0,1.0,1.0,0.0,1.0,0.0,0.0
52.0,437.0,2.0,1.0,2.0,3.0,1.0,10.0,18.0,0.0,0.0,1.0,0.0,0.0,0.0
29.0,25.0,1.0,3.0,4.0,2.0,1.0,80.0,13.0,0.0,1.0,0.0,0.0,1.0,0.0
24.0,55.0,2.0,17.0,1.0,3.0,3.0,61.0,7.0,0.0,0.0,0.0,0.0,0.0,1.0
46.0,455.0,4.0,6.0,2.0,4.0,4.0,51.0,13.0,1.0,0.0,1.0,0.0,0.0,1.0
28.0,363.0,4.0,12.0,3.0,3.0,4.0,10.0,8.0,1.0,0.0,0.0,0.0,1.0,0.0
50.0,423.0,4.0,14.0,3.0,3.0,3.0,6.0,17.0,0.0,0.0,1.0,0.0,0.0,0.0
23.0,298.0,1.0,0.0,4.0,1.0,1.0,62.0,9.0,0.0,1.0,0.0,0.0,1.0,0.0
64.0,149.0,5.0,10.0,1.0,2.0,1.0,5.0,13.0,0.0,0.0,1.0,1.0,0.0,0.0
32.0,55.0,2.0,9.0,4.0,4.0,2.0,70.0,2.0,1.0,0.0,1.0,0.0,0.0,0.0
49.0,7.0,4.0,4.0,1.0,1.0,2.0,63.0,4.0,1.0,0.0,0.0,0.0,0.0,0.0
28.0,28.0,2.0,15.0,3.0,2.0,2.0,56.0,2.0,0.0,0.0,0.0,0.0,0.0,0.0
40.0,295.0,1.0,10.0,4.0,4.0,3.0,59.0,4.0,1.0,0.0,1.0,0.0,0.0,1.0
43.0,473.0,5.0,5.0,3.0,4.0,4.0,63.0,18.0,0.0,1.0,0.0,0.0,1.0,0.0
51.0,413.0,10.0,8.0,3.0,4.0,2.0,89.0,5.0,1.0,1.0,0.0,0.0,0.0,0.0
63.0,55.0,2.0,12.0,1.0,2.0,4.0,59.0,19.0,1.0,0.0,0.0,0.0,0.0,0.0
51.0,127.0,5.0,7.0,4.0,4.0,4.0,51.0,10.0,0.0,1.0,0.0,0.0,0.0,0.0
46.0,339.0,5.0,13.0,4.0,4.0,4.0,50.0,18.0,0.0,0.0,0.0,0.0,1.0,0.0
21.0,115.0,1.0,0.0,3.0,1.0,3.0,4.0,10.0,0.0,1.0,0.0,0.0,0.0,1.0
34.0,438.0,4.0,16.0,3.0,3.0,3.0,48.0,5.0,0.0,0.0,1.0,1.0,0.0,0.0
52.0,143.0,2.0,4.0,1.0,2.0,3.0,32.0,17.0,1.0,0.0,0.0,0.0,0.0,1.0
30.0,429.0,3.0,1.0,2.0,3.0,3.0,51.0,13.0,1.0,0.0,0.0,0.0,0.0,0.0
58.0,317.0,3.0,8.0,2.0,1.0,2.0,52.0,17.0,1.0,0.0,1.0,0.0,0.0,1.0
56.0,234.0,1.0,3.0,3.0,3.0,1.0,99.0,9.0,0.0,0.0,0.0,0.0,0.0,1.0
32.0,6.0,2.0,16.0,2.0,4.0,1.0,74.0,12.0,1.0,1.0,0.0,1.0,0.0,0.0
46.0,463.0,2.0,16.0,2.0,4.0,1.0,34.0,14.0,0.0,1.0,0.0,0.0,1.0,0.0
46.0,44.0,1.0,17.0,2.0,2.0,2.0,36.0,14.0,1.0,0.0,0.0,0.0,1.0,0.0
28.0,442.0,2.0,15.0,2.0,2.0,1.0,70.0,8.0,0.0,1.0,0.0,0.0,0.0,1.0
49.0,238.0,4.0,7.0,3.0,2.0,2.0,43.0,5.0,0.0,0.0,0.0,0.0,0.0,1.0
19.0,439.0,1.0,10.0,2.0,1.0,2.0,16.0,19.0,1.0,0.0,1.0,0.0,1.0,0.0
64.0,431.0,4.0,17.0,2.0,2.0,2.0,59.0,14.0,0.0,0.0,0.0,0.0,1.0,0.0
31.0,154.0,2.0,9.0,1.0,1.0,1.0,53.0,9.0,0.0,0.0,1.0,1.0,0.0,0.0
37.0,180.0,1.0,12.0,3.0,4.0,4.0,19.0,7.0,1.0,1.0,0.0,0.0,0.0,0.0
39.0,214.0,2.0,16.0,4.0,3.0,1.0,98.0,8.0,0.0,0.0,1.0,0.0,0.0,1.0
28.0,87.0,1.0,17.0,4.0,4.0,1.0,89.0,14.0,0.0,1.0,0.0,0.0,1.0,0.0
44.0,255.0,2.0,9.0,1.0,4.0,3.0,95.0,14.0,0.0,0.0,0.0,0.0,0.0,1.0
20.0,55.0,4.0,15.0,1.0,4.0,2.0,41.0,11.0,1.0,1.0,0.0,0.0,0.0,1.0
34.0,55.0,4.0,19.0,3.0,2.0,4.0,81.0,14.0,1.0,0.0,0.0,0.0,1.0,0.0
61.0,55.0,2.0,4.0,4.0,2.0,3.0,47.0,8.0,0.0,0.0,0.0,1.0,0.0,0.0
45.0,211.0,1.0,12.0,2.0,2.0,4.0,94.0,3.0,1.0,0.0,1.0,0.0,0.0,1.0
46.0,292.0,3.0,17.0,1.0,3.0,4.0,54.0,18.0,0.0,0.0,1.0,1.0,0.0,0.0
38.0,233.0,4.0,16.0,4.0,2.0,2.0,55.0,3.0,0.0,0.0,1.0,0.0,1.0,0.0
64.0,55.0,4.0,8.0,3.0,1.0,1.0,95.0,13.0,0.0,0.0,1.0,0.0,0.0,0.0
33.0,238.0,3.0,13.0,2.0,4.0,2.0,19.0,12.0,0.0,1.0,0.0,0.0,0.0,0.0
54.0,55.0,10.0,16.0,3.0,3.0,2.0,62.0,15.0,0.0,1.0,0.0,0.0,0.0,1.0
37.0,118.0,1.0,3.0,1.0,3.0,3.0,99.0,18.0,1.0,1.0,0.0,0.0,1.0,0.0
23.0,312.0,2.0,17.0,4.0,3.0,2.0,93.0,5.0,0.0,0.0,0.0,1.0,0.0,0.0
36.0,55.0,5.0,19.0,4.0,3.0,1.0,59.0,7.0,1.0,1.0,0.0,0.0,0.0,1.0
22.0,55.0,4.0,14.0,4.0,3.0,4.0,65.0,11.0,1.0,1.0,0.0,0.0,1.0,0.0
20.0,94.0,5.0,10.0,4.0,1.0,2.0,68.0,11.0,0.0,1.0,0.0,0.0,1.0,0.0
18.0,55.0,4.0,11.0,2.0,4.0,4.0,28.0,15.0,0.0,0.0,1.0,1.0,0.0,0.0
55.0,221.0,4.0,8.0,2.0,3.0,2.0,18.0,10.0,1.0,1.0,0.0,0.0,0.0,1.0
32.0,365.0,5.0,12.0,3.0,4.0,4.0,26.0,15.0,1.0,0.0,0.0,0.0,1.0,0.0
51.0,55.0,5.0,14.0,2.0,2.0,2.0,19.0,13.0,1.0,0.0,1.0,0.0,1.0,0.0
52.0,55.0,2.0,14.0,1.0,3.0,3.0,55.0,14.0,0.0,0.0,0.0,0.0,1.0,0.0
42.0,230.0,5.0,4.0,1.0,3.0,4.0,57.0,17.0,1.0,1.0,0.0,1.0,0.0,0.0
41.0,55.0,2.0,18.0,4.0,4.0,2.0,6.0,13.0,0.0,0.0,1.0,0.0,0.0,1.0
29.0,55.0,2.0,19.0,1.0,3.0,2.0,1.0,10.0,0.0,0.0,0.0,0.0,0.0,1.0
35.0,267.0,2.0,13.0,3.0,3.0,3.0,8.0,1.0,0.0,1.0,0.0,0.0,0.0,1.0
32.0,432.0,4.0,16.0,2.0,3.0,3.0,97.0,1.0,1.0,0.0,0.0,0.0,0.0,1.0
61.0,55.0,4.0,17.0,2.0,1.0,3.0,51.0,15.0,0.0,0.0,0.0,0.0,0.0,0.0
33.0,63.0,5.0,2.0,2.0,1.0,4.0,85.0,16.0,0.0,0.0,0.0,0.0,0.0,0.0
44.0,55.0,4.0,1.0,1.0,3.0,4.0,88.0,12.0,0.0,1.0,0.0,0.0,0.0,1.0
25.0,349.0,5.0,0.0,2.0,1.0,3.0,25.0,6.0,0.0,1.0,0.0,1.0,0.0,0.0
63.0,412.0,4.0,9.0,4.0,2.0,1.0,47.0,6.0,0.0,0.0,0.0,0.0,0.0,0.0
42.0,402.0,1.0,18.0,4.0,3.0,1.0,55.0,12.0,1.0,0.0,1.0,0.0,1.0,0.0
34.0,493.0,1.0,16.0,4.0,2.0,2.0,64.0,15.0,0.0,0.0,1.0,0.0,0.0,0.0
46.0,10.0,5.0,11.0,1.0,4.0,1.0,83.0,4.0,0.0,1.0,0.0,0.0,1.0,0.0
25.0,55.0,4.0,0.0,2.0,2.0,2.0,93.0,4.0,1.0,1.0,0.0,0.0,0.0,1.0
32.0,433.0,4.0,11.0,1.0,4.0,4.0,10.0,2.0,0.0,1.0,0.0,0.0,0.0,0.0
44.0,70.0,2.0,16.0,2.0,3.0,4.0,56.0,12.0,1.0,1.0,0.0,1.0,0.0,0.0
63.0,55.0,3.0,2.0,3.0,4.0,1.0,12.0,7.0,0.0,1.0,0.0,0.0,0.0,0.0
24.0,57.0,5.0,10.0,3.0,4.0,4.0,33.0,9.0,1.0,0.0,1.0,0.0,0.0,0.0
20.0,55.0,3.0,16.0,1.0,2.0,3.0,71.0,9.0,1.0,1.0,0.0,0.0,0.0,0.0
46.0,250.0,3.0,2.0,4.0,2.0,3.0,17.0,8.0,0.0,0.0,0.0,0.0,0.0,1.0
61.0,275.0,5.0,7.0,1.0,2.0,1.0,61.0,14.0,0.0,0.0,0.0,1.0,0.0,0.0
41.0,49.0,4.0,19.0,4.0,3.0,1.0,10.0,1.0,0.0,0.0,1.0,0.0,0.0,0.0
20.0,357.0,5.0,3.0,2.0,3.0,2.0,31.0,12.0,1.0,0.0,0.0,1.0,0.0,0.0
37.0,215.0,3.0,6.0,4.0,2.0,4.0,60.0,2.0,1.0,0.0,1.0,0.0,0.0,1.0
63.0,393.0,4.0,13.0,4.0,3.0,2.0,70.0,13.0,1.0,0.0,1.0,0.0,1.0,0.0
32.0,415.0,1.0,13.0,2.0,3.0,2.0,17.0,4.0,0.0,0.0,0.0,0.0,0.0,0.0
42.0,51.0,5.0,3.0,3.0,4.0,3.0,50.0,18.0,1.0,1.0,0.0,1.0,0.0,0.0
47.0,270.0,5.0,15.0,2.0,4.0,3.0,37.0,19.0,1.0,0.0,0.0,1.0,0.0,0.0
31.0,484.0,4.0,0.0,1.0,2.0,3.0,82.0,16.0,0.0,0.0,0.0,0.0,0.0,1.0
24.0,55.0,1.0,16.0,1.0,3.0,3.0,62.0,14.0,1.0,0.0,1.0,0.0,0.0,0.0
34.0,386.0,1.0,9.0,1.0,4.0,2.0,90.0,8.0,1.0,0.0,0.0,0.0,1.0,0.0
61.0,292.0,4.0,15.0,1.0,1.0,3.0,80.0,12.0,0.0,0.0,1.0,1.0,0.0,0.0
37.0,125.0,2.0,15.0,1.0,3.0,4.0,72.0,9.0,1.0,1.0,0.0,0.0,0.0,0.0
53.0,295.0,5.0,7.0,3.0,1.0,3.0,88.0,6.0,0.0,1.0,0.0,0.0,1.0,0.0
26.0,71.0,5.0,6.0,3.0,2.0,3.0,77.0,18.0,0.0,1.0,0.0,1.0,0.0,0.0
55.0,55.0,3.0,5.0,4.0,3.0,3.0,29.0,2.0,0.0,0.0,0.0,1.0,0.0,0.0
39.0,55.0,4.0,15.0,1.0,2.0,1.0,32.0,8.0,0.0,0.0,1.0,0.0,1.0,0.0
19.0,55.0,3.0,19.0,2.0,2.0,4.0,88.0,14.0,0.0,1.0,0.0,0.0,1.0,0.0
41.0,406.0,3.0,15.0,1.0,2.0,4.0,80.0,6.0,1.0,0.0,1.0,0.0,0.0,1.0
25.0,359.0,1.0,6.0,3.0,2.0,2.0,11.0,10.0,1.0,0.0,1.0,0.0,0.0,0.0
28.0,394.0,5.0,8.0,1.0,2.0,2.0,96.0,8.0,0.0,1.0,0.0,0.0,0.0,0.0
30.0,55.0,3.0,13.0,3.0,3.0,3.0,6.0,17.0,0.0,1.0,0.0,0.0,0.0,1.0
34.0,191.0,1.0,10.0,4.0,1.0,1.0,35.0,12.0,1.0,0.0,1.0,1.0,0.0,0.0
25.0,391.0,4.0,13.0,4.0,3.0,2.0,33.0,17.0,0.0,1.0,0.0,0.0,1.0,0.0
38.0,55.0,3.0,6.0,4.0,3.0,2.0,18.0,13.0,0.0,0.0,1.0,0.0,1.0,0.0
35.0,349.0,5.0,0.0,3.0,3.0,3.0,37.0,19.0,0.0,0.0,1.0,0.0,1.0,0.0
47.0,55.0,3.0,12.0,1.0,4.0,3.0,13.0,12.0,1.0,1.0,0.0,1.0,0.0,0.0
35.0,59.0,4.0,19.0,1.0,4.0,2.0,74.0,16.0,1.0,0.0,0.0,0.0,1.0,0.0
63.0,55.0,3.0,2.0,2.0,3.0,2.0,90.0,5.0,0.0,1.0,0.0,0.0,1.0,0.0
64.0,38.0,5.0,19.0,3.0,1.0,4.0,81.0,16.0,0.0,0.0,0.0,0.0,0.0,1.0
48.0,27.0,1.0,3.0,2.0,3.0,1.0,64.0,6.0,1.0,0.0,1.0,1.0,0.0,0.0
55.0,48.0,5.0,10.0,4.0,2.0,4.0,1.0,11.0,1.0,0.0,1.0,0.0,0.0,0.0
49.0,419.0,1.0,1.0,1.0,4.0,2.0,63.0,17.0,0.0,0.0,0.0,0.0,0.0,1.0
28.0,55.0,2.0,13.0,3.0,4.0,4.0,89.0,14.0,0.0,0.0,1.0,0.0,0.0,1.0
62.0,55.0,5.0,11.0,2.0,3.0,4.0,34.0,6.0,1.0,0.0,0.0,0.0,0.0,0.0
42.0,479.0,5.0,16.0,2.0,3.0,2.0,10.0,11.0,1.0,0.0,0.0,0.0,0.0,1.0
50.0,35.0,4.0,11.0,2.0,1.0,3.0,84.0,12.0,1.0,0.0,1.0,1.0,0.0,0.0
55.0,100.0,3.0,11.0,1.0,1.0,2.0,7.0,13.0,0.0,0.0,0.0,0.0,1.0,0.0
58.0,281.0,1.0,0.0,1.0,2.0,3.0,56.0,4.0,1.0,1.0,0.0,1.0,0.0,0.0
25.0,85.0,1.0,12.0,1.0,3.0,2.0,80.0,7.0,0.0,1.0,0.0,0.0,0.0,0.0
28.0,3.0,4.0,13.0,3.0,3.0,2.0,37.0,2.0,1.0,0.0,1.0,0.0,0.0,0.0
39.0,222.0,4.0,1.0,1.0,3.0,2.0,29.0,6.0,1.0,0.0,1.0,0.0,0.0,1.0
41.0,337.0,3.0,11.0,3.0,4.0,1.0,12.0,6.0,1.0,0.0,0.0,1.0,0.0,0.0
58.0,447.0,3.0,15.0,2.0,2.0,3.0,17.0,18.0,1.0,0.0,0.0,1.0,0.0,0.0
34.0,165.0,5.0,3.0,2.0,1.0,1.0,48.0,8.0,0.0,0.0,0.0,0.0,0.0,0.0
29.0,382.0,2.0,7.0,4.0,4.0,2.0,84.0,8.0,0.0,0.0,0.0,1.0,0.0,0.0
63.0,343.0,3.0,1.0,1.0,4.0,4.0,26.0,8.0,1.0,1.0,0.0,0.0,0.0,0.0
49.0,382.0,4.0,9.0,2.0,4.0,1.0,83.0,8.0,0.0,1.0,0.0,1.0,0.0,0.0
32.0,375.0,3.0,8.0,1.0,4.0,3.0,12.0,1.0,1.0,0.0,1.0,1.0,0.0,0.0
33.0,470.0,1.0,14.0,3.0,2.0,2.0,21.0,2.0,1.0,0.0,0.0,1.0,0.0,0.0
39.0,277.0,2.0,12.0,2.0,3.0,1.0,42.0,12.0,1.0,0.0,0.0,0.0,0.0,0.0
45.0,55.0,5.0,16.0,1.0,1.0,4.0,61.0,15.0,1.0,0.0,1.0,0.0,0.0,1.0
37.0,30.0,1.0,15.0,2.0,1.0,1.0,58.0,4.0,0.0,0.0,0.0,1.0,0.0,0.0
50.0,374.0,1.0,1.0,2.0,4.0,3.0,54.0,3.0,1.0,0.0,0.0,0.0,0.0,0.0
27.0,10.0,2.0,19.0,1.0,4.0,1.0,34.0,14.0,1.0,0.0,0.0,0.0,0.0,0.0
57.0,475.0,5.0,19.0,2.0,2.0,4.0,7.0,8.0,0.0,0.0,0.0,1.0,0.0,0.0
49.0,301.0,4.0,13.0,2.0,4.0,4.0,35.0,13.0,1.0,0.0,0.0,1.0,0.0,0.0
50.0,95.0,5.0,2.0,2.0,1.0,3.0,15.0,19.0,1.0,0.0,1.0,0.0,0.0,1.0
19.0,55.0,3.0,11.0,2.0,1.0,4.0,65.0,5.0,1.0,0.0,0.0,0.0,0.0,0.0
50.0,452.0,1.0,7.0,3.0,3.0,2.0,90.0,13.0,0.0,0.0,1.0,0.0,0.0,0.0
50.0,55.0,3.0,1.0,2.0,3.0,4.0,99.0,1.0,1.0,0.0,0.0,0.0,1.0,0.0
58.0,485.0,4.0,3.0,4.0,1.0,2.0,25.0,16.0,0.0,1.0,0.0,0.0,0.0,0.0
30.0,265.0,3.0,13.0,2.0,1.0,1.0,59.0,2.0,1.0,1.0,0.0,0.0,0.0,1.0
47.0,423.0,5.0,15.0,1.0,2.0,2.0,79.0,7.0,1.0,1.0,0.0,0.0,1.0,0.0
50.0,127.0,3.0,18.0,4.0,2.0,2.0,86.0,6.0,0.0,1.0,0.0,0.0,1.0,0.0
30.0,237.0,4.0,1.0,3.0,1.0,1.0,6.0,5.0,1.0,0.0,1.0,0.0,1.0,0.0
43.0,55.0,4.0,11.0,4.0,4.0,4.0,52.0,4.0,1.0,0.0,1.0,1.0,0.0,0.0
39.0,354.0,4.0,13.0,4.0,3.0,2.0,79.0,2.0,0.0,0.0,0.0,1.0,0.0,0.0
56.0,427.0,5.0,5.0,4.0,1.0,4.0,88.0,10.0,0.0,1.0,0.0,0.0,0.0,0.0
19.0,111.0,4.0,12.0,1.0,4.0,1.0,21.0,5.0,0.0,0.0,1.0,0.0,1.0,0.0
55.0,315.0,1.0,3.0,1.0,1.0,3.0,71.0,18.0,0.0,0.0,0.0,0.0,0.0,1.0
56.0,55.0,4.0,17.0,1.0,3.0,4.0,93.0,10.0,0.0,0.0,0.0,1.0,0.0,0.0
43.0,342.0,3.0,11.0,3.0,3.0,4.0,96.0,15.0,1.0,0.0,1.0,0.0,0.0,1.0
63.0,144.0,3.0,19.0,1.0,2.0,3.0,32.0,9.0,0.0,1.0,0.0,0.0,0.0,1.0
32.0,64.0,3.0,18.0,1.0,2.0,3.0,53.0,11.0,1.0,0.0,0.0,1.0,0.0,0.0
51.0,246.0,5.0,7.0,4.0,2.0,1.0,59.0,17.0,1.0,1.0,0.0,1.0,0.0,0.0
59.0,55.0,3.0,6.0,1.0,2.0,4.0,69.0,9.0,1.0,1.0,0.0,1.0,0.0,0.0
61.0,478.0,5.0,15.0,2.0,3.0,4.0,62.0,16.0,0.0,1.0,0.0,1.0,0.0,0.0
57.0,489.0,5.0,18.0,1.0,4.0,1.0,4.0,6.0,0.0,0.0,0.0,0.0,1.0,0.0
28.0,55.0,4.0,5.0,3.0,4.0,4.0,86.0,11.0,1.0,1.0,0.0,0.0,1.0,0.0
20.0,438.0,1.0,19.0,3.0,4.0,2.0,18.0,17.0,0.0,0.0,0.0,0.0,1.0,0.0
23.0,55.0,4.0,10.0,2.0,1.0,2.0,99.0,4.0,0.0,1.0,0.0,0.0,1.0,0.0
26.0,55.0,4.0,4.0,3.0,2.0,2.0,81.0,15.0,0.0,0.0,0.0,0.0,0.0,0.0
23.0,55.0,5.0,15.0,3.0,2.0,4.0,56.0,1.0,0.0,1.0,0.0,0.0,1.0,0.0
26.0,225.0,5.0,6.0,4.0,3.0,2.0,24.0,1.0,1.0,0.0,1.0,1.0,0.0,0.0
56.0,264.0,3.0,4.0,2.0,3.0,2.0,66.0,9.0,1.0,1.0,0.0,0.0,0.0,1.0
48.0,277.0,3.0,10.0,4.0,1.0,1.0,13.0,12.0,0.0,1.0,0.0,0.0,1.0,0.0
49.0,396.0,4.0,14.0,4.0,1.0,1.0,62.0,4.0,1.0,0.0,0.0,0.0,0.0,0.0
58.0,55.0,2.0,2.0,1.0,4.0,3.0,54.0,13.0,0.0,0.0,0.0,1.0,0.0,0.0
29.0,55.0,2.0,4.0,2.0,3.0,3.0,15.0,7.0,0.0,1.0,0.0,0.0,0.0,1.0
25.0,17.0,3.0,4.0,1.0,2.0,3.0,69.0,8.0,1.0,0.0,1.0,0.0,0.0,1.0
25.0,370.0,2.0,8.0,1.0,4.0,3.0,3.0,13.0,1.0,0.0,1.0,0.0,1.0,0.0
45.0,459.0,3.0,14.0,4.0,2.0,1.0,37.0,11.0,1.0,0.0,0.0,0.0,0.0,1.0
37.0,55.0,5.0,2.0,3.0,4.0,1.0,37.0,9.0,0.0,0.0,1.0,0.0,1.0,0.0
64.0,400.0,4.0,5.0,2.0,2.0,1.0,3.0,16.0,1.0,1.0,0.0,0.0,1.0,0.0
24.0,55.0,1.0,16.0,3.0,1.0,2.0,63.0,10.0,0.0,0.0,0.0,1.0,0.0,0.0
28.0,105.0,4.0,7.0,4.0,4.0,2.0,35.0,11.0,1.0,1.0,0.0,1.0,0.0,0.0
37.0,270.0,3.0,10.0,4.0,2.0,3.0,52.0,12.0,1.0,0.0,0.0,0.0,0.0,0.0
33.0,462.0,3.0,5.0,4.0,2.0,2.0,87.0,14.0,0.0,0.0,0.0,1.0,0.0,0.0
21.0,318.0,4.0,7.0,4.0,3.0,4.0,28.0,19.0,0.0,0.0,0.0,1.0,0.0,0.0
23.0,166.0,3.0,9.0,4.0,4.0,1.0,94.0,12.0,0.0,0.0,0.0,0.0,1.0,0.0
39.0,12.0,2.0,2.0,4.0,2.0,3.0,18.0,18.0,0.0,0.0,1.0,1.0,0.0,0.0
43.0,336.0,2.0,13.0,3.0,3.0,3.0,36.0,17.0,0.0,1.0,0.0,0.0,1.0,0.0
20.0,31.0,3.0,13.0,1.0,2.0,4.0,33.0,3.0,0.0,1.0,0.0,0.0,1.0,0.0
58.0,392.0,3.0,9.0,3.0,4.0,2.0,64.0,1.0,0.0,1.0,0.0,1.0,0.0,0.0
59.0,39.0,2.0,11.0,2.0,1.0,3.0,26.0,19.0,0.0,0.0,0.0,0.0,0.0,0.0
31.0,147.0,3.0,5.0,3.0,4.0,2.0,48.0,4.0,1.0,0.0,1.0,0.0,0.0,0.0
28.0,217.0,3.0,11.0,4.0,4.0,2.0,40.0,16.0,0.0,1.0,0.0,0.0,0.0,1.0
35.0,218.0,4.0,13.0,3.0,2.0,4.0,17.0,12.0,0.0,0.0,1.0,0.0,0.0,1.0
29.0,468.0,1.0,1.0,1.0,2.0,3.0,40.0,13.0,1.0,0.0,0.0,1.0,0.0,0.0
40.0,55.0,2.0,8.0,2.0,4.0,2.0,7.0,17.0,0.0,1.0,0.0,0.0,0.0,0.0
29.0,55.0,4.0,9.0,3.0,3.0,2.0,57.0,8.0,1.0,0.0,1.0,0.0,1.0,0.0
30.0,207.0,1.0,16.0,1.0,3.0,4.0,8.0,13.0,1.0,0.0,0.0,0.0,0.0,1.0
42.0,200.0,3.0,16.0,3.0,3.0,4.0,56.0,5.0,0.0,0.0,1.0,0.0,1.0,0.0
62.0,446.0,3.0,2.0,2.0,2.0,2.0,31.0,18.0,1.0,1.0,0.0,0.0,0.0,1.0
36.0,331.0,4.0,18.0,3.0,2.0,4.0,59.0,15.0,0.0,1.0,0.0,1.0,0.0,0.0
63.0,427.0,3.0,0.0,4.0,4.0,2.0,58.0,12.0,1.0,0.0,0.0,0.0,0.0,0.0
53.0,37.0,5.0,11.0,3.0,1.0,3.0,12.0,17.0,1.0,0.0,0.0,0.0,0.0,1.0
62.0,210.0,4.0,6.0,1.0,2.0,1.0,48.0,15.0,1.0,0.0,0.0,0.0,0.0,0.0
25.0,443.0,1.0,3.0,3.0,4.0,4.0,31.0,2.0,0.0,0.0,1.0,0.0,1.0,0.0
46.0,326.0,4.0,9.0,1.0,4.0,1.0,83.0,6.0,0.0,0.0,1.0,1.0,0.0,0.0
49.0,248.0,2.0,12.0,2.0,1.0,2.0,63.0,17.0,1.0,0.0,1.0,0.0,0.0,0.0
61.0,226.0,4.0,1.0,3.0,3.0,2.0,74.0,16.0,1.0,0.0,0.0,1.0,0.0,0.0
35.0,47.0,3.0,9.0,2.0,4.0,2.0,39.0,17.0,0.0,1.0,0.0,0.0,0.0,0.0
23.0,17.0,3.0,3.0,2.0,4.0,1.0,76.0,9.0,0.0,1.0,0.0,0.0,1.0,0.0
35.0,399.0,5.0,17.0,3.0,4.0,2.0,20.0,5.0,1.0,0.0,1.0,0.0,1.0,0.0
36.0,55.0,10.0,4.0,1.0,3.0,4.0,48.0,1.0,1.0,0.0,1.0,1.0,0.0,0.0
39.0,294.0,5.0,18.0,2.0,3.0,3.0,71.0,6.0,0.0,1.0,0.0,0.0,1.0,0.0
54.0,195.0,1.0,1.0,2.0,1.0,3.0,54.0,14.0,0.0,1.0,0.0,0.0,0.0,1.0
49.0,55.0,5.0,11.0,3.0,2.0,4.0,78.0,17.0,0.0,0.0,1.0,0.0,0.0,0.0
58.0,344.0,1.0,16.0,3.0,3.0,3.0,75.0,19.0,0.0,0.0,1.0,0.0,1.0,0.0
20.0,223.0,5.0,9.0,3.0,2.0,1.0,71.0,1.0,0.0,1.0,0.0,0.0,0.0,1.0
45.0,317.0,1.0,1.0,3.0,2.0,2.0,29.0,1.0,1.0,0.0,0.0,1.0,0.0,0.0
27.0,487.0,4.0,5.0,3.0,3.0,2.0,74.0,13.0,0.0,0.0,1.0,0.0,0.0,1.0
52.0,396.0,4.0,7.0,4.0,4.0,2.0,93.0,14.0,1.0,1.0,0.0,1.0,0.0,0.0
46.0,364.0,3.0,18.0,3.0,1.0,1.0,73.0,6.0,0.0,1.0,0.0,1.0,0.0,0.0
32.0,55.0,1.0,10.0,1.0,2.0,1.0,48.0,6.0,1.0,1.0,0.0,0.0,0.0,0.0
50.0,496.0,2.0,11.0,2.0,4.0,1.0,74.0,1.0,0.0,1.0,0.0,0.0,0.0,0.0
24.0,228.0,3.0,8.0,1.0,3.0,4.0,83.0,14.0,0.0,0.0,0.0,0.0,0.0,1.0
29.0,389.0,4.0,1.0,1.0,2.0,1.0,56.0,3.0,1.0,1.0,0.0,0.0,0.0,0.0
47.0,466.0,1.0,7.0,4.0,2.0,3.0,95.0,10.0,1.0,0.0,1.0,0.0,0.0,0.0
38.0,55.0,5.0,10.0,3.0,2.0,4.0,17.0,19.0,0.0,0.0,0.0,0.0,0.0,0.0
48.0,187.0,2.0,3.0,2.0,4.0,4.0,9.0,19.0,0.0,1.0,0.0,0.0,0.0,1.0
41.0,55.0,4.0,9.0,1.0,4.0,4.0,97.0,19.0,0.0,0.0,0.0,0.0,1.0,0.0
37.0,269.0,3.0,19.0,3.0,4.0,1.0,34.0,4.0,0.0,0.0,1.0,0.0,0.0,0.0
54.0,94.0,1.0,15.0,3.0,2.0,4.0,45.0,19.0,0.0,1.0,0.0,0.0,0.0,0.0
21.0,309.0,2.0,7.0,4.0,2.0,1.0,88.0,10.0,1.0,0.0,1.0,0.0,0.0,1.0
45.0,131.0,1.0,3.0,4.0,1.0,1.0,9.0,2.0,1.0,1.0,0.0,0.0,1.0,0.0
61.0,38.0,5.0,9.0,4.0,1.0,4.0,7.0,4.0,0.0,1.0,0.0,0.0,0.0,0.0
37.0,71.0,3.0,11.0,2.0,4.0,2.0,16.0,6.0,1.0,1.0,0.0,1.0,0.0,0.0
41.0,280.0,1.0,13.0,1.0,4.0,2.0,19.0,7.0,1.0,1.0,0.0,0.0,0.0,1.0
49.0,332.0,4.0,15.0,4.0,3.0,4.0,6.0,16.0,1.0,1.0,0.0,0.0,0.0,0.0
58.0,159.0,3.0,17.0,4.0,4.0,2.0,11.0,7.0,0.0,0.0,0.0,0.0,0.0,0.0
53.0,186.0,4.0,11.0,4.0,1.0,3.0,76.0,18.0,1.0,1.0,0.0,1.0,0.0,0.0
51.0,485.0,1.0,17.0,1.0,1.0,3.0,61.0,19.0,0.0,1.0,0.0,1.0,0.0,0.0
53.0,190.0,3.0,6.0,1.0,1.0,1.0,42.0,9.0,1.0,0.0,0.0,0.0,0.0,1.0
19.0,55.0,4.0,19.0,4.0,2.0,2.0,13.0,10.0,0.0,0.0,0.0,0.0,0.0,1.0
32.0,55.0,5.0,6.0,4.0,2.0,3.0,12.0,13.0,1.0,0.0,0.0,1.0,0.0,0.0
51.0,55.0,5.0,8.0,3.0,4.0,4.0,85.0,18.0,0.0,0.0,0.0,0.0,0.0,1.0
53.0,55.0,1.0,0.0,4.0,3.0,2.0,74.0,16.0,0.0,0.0,0.0,1.0,0.0,0.0
23.0,221.0,3.0,5.0,2.0,3.0,3.0,20.0,17.0,1.0,0.0,0.0,0.0,0.0,0.0
56.0,450.0,2.0,5.0,2.0,3.0,3.0,50.0,13.0,0.0,1.0,0.0,1.0,0.0,0.0
59.0,411.0,3.0,11.0,4.0,2.0,4.0,36.0,12.0,0.0,1.0,0.0,1.0,0.0,0.0
29.0,130.0,5.0,11.0,1.0,1.0,1.0,92.0,10.0,0.0,0.0,1.0,0.0,1.0,0.0
20.0,236.0,4.0,9.0,3.0,1.0,4.0,88.0,1.0,0.0,1.0,0.0,1.0,0.0,0.0
62.0,245.0,2.0,5.0,1.0,2.0,1.0,69.0,8.0,0.0,1.0,0.0,1.0,0.0,0.0
35.0,55.0,1.0,16.0,4.0,3.0,3.0,37.0,18.0,0.0,0.0,0.0,0.0,1.0,0.0
57.0,207.0,2.0,18.0,2.0,3.0,1.0,12.0,2.0,0.0,0.0,0.0,0.0,0.0,1.0
38.0,405.0,1.0,17.0,3.0,4.0,3.0,99.0,16.0,0.0,1.0,0.0,0.0,1.0,0.0
32.0,95.0,2.0,5.0,1.0,4.0,3.0,40.0,12.0,1.0,0.0,1.0,0.0,0.0,0.0
50.0,421.0,1.0,18.0,1.0,3.0,2.0,54.0,9.0,1.0,0.0,0.0,0.0,1.0,0.0
52.0,199.0,1.0,9.0,4.0,2.0,1.0,2.0,3.0,0.0,1.0,0.0,0.0,0.0,0.0
43.0,246.0,2.0,7.0,3.0,3.0,1.0,50.0,4.0,0.0,1.0,0.0,0.0,0.0,1.0
25.0,71.0,2.0,5.0,2.0,4.0,1.0,41.0,2.0,1.0,0.0,1.0,0.0,1.0,0.0
53.0,55.0,1.0,6.0,4.0,3.0,4.0,45.0,8.0,1.0,0.0,1.0,0.0,1.0,0.0
47.0,184.0,5.0,0.0,3.0,2.0,2.0,9.0,10.0,1.0,0.0,0.0,0.0,0.0,1.0
40.0,55.0,2.0,17.0,1.0,1.0,2.0,62.0,16.0,0.0,0.0,1.0,0.0,0.0,0.0
59.0,205.0,3.0,19.0,4.0,2.0,2.0,86.0,11.0,1.0,1.0,0.0,0.0,1.0,0.0
61.0,31.0,4.0,11.0,1.0,2.0,4.0,47.0,18.0,0.0,1.0,0.0,0.0,0.0,0.0
31.0,98.0,1.0,15.0,1.0,4.0,1.0,5.0,14.0,0.0,0.0,1.0,0.0,1.0,0.0
31.0,393.0,1.0,9.0,4.0,2.0,1.0,76.0,8.0,1.0,0.0,1.0,1.0,0.0,0.0
19.0,386.0,4.0,9.0,4.0,2.0,1.0,1.0,15.0,0.0,0.0,1.0,0.0,1.0,0.0
54.0,255.0,5.0,13.0,4.0,4.0,2.0,44.0,17.0,0.0,0.0,1.0,0.0,0.0,1.0
22.0,55.0,4.0,19.0,4.0,4.0,2.0,22.0,18.0,0.0,0.0,0.0,0.0,0.0,1.0
55.0,75.0,2.0,9.0,4.0,1.0,3.0,38.0,6.0,0.0,0.0,1.0,0.0,0.0,0.0
62.0,176.0,4.0,9.0,1.0,3.0,4.0,19.0,14.0,1.0,0.0,0.0,0.0,1.0,0.0
58.0,55.0,10.0,10.0,2.0,2.0,4.0,80.0,3.0,1.0,1.0,0.0,0.0,0.0,0.0
64.0,286.0,4.0,1.0,2.0,4.0,2.0,31.0,7.0,0.0,0.0,1.0,0.0,0.0,0.0
31.0,348.0,3.0,19.0,4.0,1.0,3.0,67.0,15.0,0.0,0.0,0.0,1.0,0.0,0.0
56.0,254.0,2.0,7.0,1.0,3.0,1.0,87.0,16.0,1.0,0.0,1.0,1.0,0.0,0.0
42.0,324.0,4.0,6.0,2.0,4.0,2.0,42.0,16.0,0.0,1.0,0.0,0.0,0.0,1.0
37.0,55.0,1.0,7.0,2.0,3.0,4.0,82.0,8.0,1.0,1.0,0.0,0.0,0.0,0.0
19.0,307.0,2.0,0.0,2.0,3.0,4.0,26.0,7.0,0.0,1.0,0.0,0.0,0.0,1.0
56.0,344.0,1.0,1.0,1.0,2.0,4.0,13.0,6.0,0.0,0.0,1.0,0.0,1.0,0.0
23.0,126.0,5.0,17.0,4.0,2.0,1.0,58.0,2.0,1.0,0.0,1.0,0.0,0.0,0.0
34.0,424.0,3.0,14.0,4.0,4.0,4.0,18.0,13.0,1.0,0.0,0.0,0.0,0.0,0.0
42.0,286.0,5.0,0.0,4.0,3.0,1.0,67.0,12.0,1.0,1.0,0.0,0.0,1.0,0.0
45.0,55.0,3.0,4.0,3.0,4.0,1.0,87.0,15.0,1.0,0.0,1.0,0.0,1.0,0.0
19.0,212.0,4.0,1.0,3.0,4.0,1.0,3.0,9.0,0.0,1.0,0.0,0.0,0.0,1.0
52.0,249.0,2.0,19.0,3.0,3.0,2.0,55.0,2.0,1.0,1.0,0.0,0.0,0.0,1.0
54.0,83.0,4.0,2.0,1.0,4.0,1.0,89.0,17.0,0.0,0.0,0.0,0.0,1.0,0.0
22.0,486.0,3.0,18.0,2.0,3.0,3.0,91.0,5.0,1.0,0.0,0.0,0.0,0.0,1.0
18.0,382.0,3.0,17.0,2.0,3.0,4.0,58.0,11.0,1.0,0.0,0.0,0.0,1.0,0.0
57.0,405.0,3.0,17.0,1.0,3.0,2.0,63.0,19.0,0.0,0.0,0.0,0.0,0.0,0.0
29.0,387.0,1.0,13.0,1.0,3.0,4.0,91.0,7.0,1.0,1.0,0.0,0.0,0.0,0.0
53.0,12.0,2.0,7.0,4.0,1.0,1.0,52.0,2.0,1.0,0.0,0.0,1.0,0.0,0.0
62.0,55.0,4.0,11.0,4.0,3.0,2.0,89.0,16.0,1.0,0.0,0.0,0.0,0.0,0.0
40.0,126.0,4.0,9.0,3.0,2.0,3.0,24.0,12.0,1.0,0.0,0.0,0.0,1.0,0.0
64.0,425.0,5.0,19.0,3.0,2.0,1.0,72.0,15.0,0.0,0.0,0.0,0.0,0.0,1.0
48.0,113.0,3.0,16.0,1.0,2.0,4.0,9.0,1.0,0.0,1.0,0.0,1.0,0.0,0.0
28.0,432.0,3.0,10.0,3.0,3.0,3.0,37.0,13.0,1.0,0.0,0.0,0.0,0.0,1.0
27.0,275.0,3.0,1.0,2.0,2.0,1.0,94.0,6.0,1.0,1.0,0.0,0.0,1.0,0.0
20.0,499.0,4.0,3.0,1.0,1.0,3.0,83.0,13.0,1.0,0.0,1.0,0.0,0.0,0.0
31.0,204.0,5.0,0.0,1.0,4.0,1.0,53.0,18.0,0.0,1.0,0.0,1.0,0.0,0.0
33.0,336.0,1.0,14.0,2.0,3.0,2.0,80.0,3.0,0.0,1.0,0.0,0.0,1.0,0.0
27.0,437.0,2.0,12.0,4.0,2.0,1.0,24.0,1.0,0.0,0.0,0.0,1.0,0.0,0.0
46.0,55.0,1.0,7.0,4.0,1.0,2.0,21.0,15.0,0.0,0.0,1.0,1.0,0.0,0.0
27.0,480.0,4.0,3.0,2.0,4.0,1.0,40.0,13.0,1.0,0.0,1.0,0.0,0.0,0.0
29.0,384.0,3.0,9.0,2.0,1.0,1.0,62.0,5.0,1.0,0.0,1.0,0.0,1.0,0.0
47.0,398.0,2.0,18.0,3.0,2.0,4.0,70.0,13.0,1.0,0.0,1.0,0.0,0.0,1.0
58.0,460.0,4.0,17.0,1.0,1.0,3.0,69.0,5.0,0.0,1.0,0.0,1.0,0.0,0.0
18.0,272.0,4.0,4.0,3.0,4.0,3.0,14.0,19.0,1.0,0.0,1.0,1.0,0.0,0.0
22.0,407.0,4.0,18.0,2.0,2.0,3.0,42.0,18.0,0.0,1.0,0.0,0.0,0.0,1.0
37.0,57.0,2.0,15.0,3.0,4.0,1.0,50.0,10.0,0.0,1.0,0.0,0.0,1.0,0.0
25.0,327.0,2.0,0.0,2.0,1.0,1.0,61.0,8.0,1.0,1.0,0.0,1.0,0.0,0.0
60.0,55.0,5.0,11.0,3.0,3.0,1.0,4.0,15.0,1.0,0.0,1.0,1.0,0.0,0.0
29.0,218.0,5.0,1.0,3.0,3.0,2.0,72.0,4.0,1.0,0.0,0.0,1.0,0.0,0.0
18.0,108.0,1.0,7.0,4.0,3.0,2.0,88.0,2.0,0.0,0.0,0.0,0.0,1.0,0.0
37.0,278.0,2.0,17.0,2.0,3.0,4.0,75.0,6.0,0.0,0.0,1.0,0.0,1.0,0.0
45.0,173.0,2.0,15.0,3.0,4.0,1.0,17.0,3.0,1.0,0.0,0.0,0.0,0.0,1.0
60.0,327.0,2.0,4.0,1.0,3.0,3.0,85.0,7.0,1.0,0.0,0.0,0.0,1.0,0.0
54.0,263.0,5.0,12.0,3.0,4.0,3.0,57.0,10.0,0.0,1.0,0.0,0.0,1.0,0.0
64.0,314.0,4.0,18.0,3.0,2.0,4.0,90.0,6.0,1.0,1.0,0.0,0.0,0.0,0.0
54.0,473.0,3.0,2.0,1.0,3.0,3.0,48.0,16.0,0.0,0.0,1.0,0.0,0.0,1.0
29.0,110.0,5.0,7.0,2.0,4.0,4.0,44.0,2.0,0.0,0.0,1.0,1.0,0.0,0.0
54.0,186.0,2.0,11.0,4.0,3.0,1.0,45.0,17.0,1.0,0.0,0.0,0.0,1.0,0.0
61.0,268.0,5.0,1.0,4.0,3.0,3.0,91.0,13.0,1.0,1.0,0.0,1.0,0.0,0.0
45.0,55.0,1.0,10.0,4.0,3.0,1.0,80.0,1.0,1.0,0.0,1.0,1.0,0.0,0.0
64.0,228.0,2.0,11.0,1.0,4.0,2.0,90.0,6.0,1.0,0.0,1.0,0.0,0.0,0.0
32.0,496.0,1.0,17.0,3.0,1.0,3.0,33.0,5.0,0.0,0.0,1.0,0.0,1.0,0.0
23.0,155.0,2.0,12.0,2.0,3.0,2.0,31.0,13.0,0.0,0.0,1.0,0.0,0.0,1.0
61.0,55.0,5.0,4.0,3.0,3.0,3.0,47.0,18.0,0.0,0.0,1.0,0.0,1.0,0.0
37.0,188.0,4.0,11.0,4.0,2.0,1.0,6.0,12.0,1.0,0.0,1.0,1.0,0.0,0.0
31.0,271.0,3.0,1.0,3.0,1.0,4.0,72.0,7.0,0.0,0.0,0.0,0.0,0.0,1.0
19.0,374.0,1.0,4.0,1.0,4.0,1.0,71.0,15.0,1.0,1.0,0.0,0.0,1.0,0.0
26.0,1.0,5.0,6.0,1.0,2.0,1.0,34.0,3.0,1.0,1.0,0.0,1.0,0.0,0.0
54.0,245.0,4.0,11.0,2.0,3.0,1.0,53.0,16.0,1.0,0.0,1.0,1.0,0.0,0.0
37.0,209.0,5.0,15.0,2.0,2.0,3.0,14.0,1.0,1.0,1.0,0.0,0.0,0.0,0.0
43.0,400.0,1.0,7.0,4.0,2.0,4.0,16.0,16.0,1.0,1.0,0.0,0.0,0.0,0.0
46.0,285.0,3.0,8.0,2.0,3.0,2.0,43.0,12.0,1.0,1.0,0.0,0.0,0.0,0.0
18.0,358.0,5.0,14.0,3.0,1.0,1.0,73.0,19.0,0.0,0.0,1.0,1.0,0.0,0.0
52.0,12.0,2.0,4.0,1.0,1.0,3.0,74.0,8.0,1.0,0.0,1.0,0.0,1.0,0.0
23.0,95.0,4.0,12.0,1.0,2.0,2.0,81.0,12.0,0.0,1.0,0.0,0.0,0.0,0.0
54.0,497.0,5.0,4.0,1.0,3.0,1.0,12.0,15.0,0.0,1.0,0.0,0.0,1.0,0.0
22.0,220.0,4.0,10.0,2.0,4.0,2.0,70.0,2.0,1.0,0.0,1.0,0.0,0.0,0.0
50.0,237.0,2.0,9.0,1.0,2.0,1.0,19.0,17.0,1.0,0.0,0.0,0.0,0.0,1.0
31.0,93.0,3.0,19.0,1.0,4.0,2.0,41.0,7.0,1.0,1.0,0.0,0.0,0.0,1.0
29.0,337.0,3.0,12.0,1.0,2.0,2.0,53.0,13.0,0.0,0.0,0.0,0.0,0.0,0.0
59.0,268.0,2.0,8.0,4.0,2.0,4.0,29.0,1.0,1.0,1.0,0.0,1.0,0.0,0.0
37.0,170.0,4.0,13.0,4.0,3.0,4.0,70.0,6.0,0.0,0.0,0.0,0.0,0.0,0.0
41.0,468.0,5.0,17.0,2.0,3.0,1.0,59.0,13.0,1.0,0.0,0.0,0.0,0.0,0.0
60.0,93.0,2.0,14.0,1.0,4.0,3.0,89.0,11.0,1.0,0.0,0.0,1.0,0.0,0.0
51.0,148.0,1.0,9.0,2.0,4.0,4.0,64.0,10.0,0.0,0.0,1.0,0.0,0.0,1.0
42.0,111.0,4.0,6.0,1.0,1.0,2.0,24.0,16.0,0.0,0.0,0.0,0.0,1.0,0.0
46.0,54.0,3.0,7.0,1.0,3.0,4.0,89.0,17.0,1.0,0.0,0.0,0.0,0.0,0.0
56.0,336.0,2.0,2.0,1.0,2.0,4.0,16.0,17.0,0.0,0.0,0.0,1.0,0.0,0.0
48.0,423.0,3.0,14.0,2.0,2.0,1.0,52.0,4.0,0.0,1.0,0.0,0.0,0.0,0.0
64.0,466.0,4.0,15.0,2.0,1.0,4.0,80.0,5.0,0.0,0.0,0.0,1.0,0.0,0.0
60.0,115.0,3.0,3.0,1.0,3.0,4.0,6.0,14.0,0.0,1.0,0.0,0.0,1.0,0.0
40.0,142.0,2.0,5.0,3.0,2.0,2.0,37.0,10.0,0.0,0.0,0.0,0.0,1.0,0.0
61.0,200.0,4.0,0.0,2.0,1.0,4.0,85.0,14.0,1.0,0.0,0.0,0.0,0.0,1.0
55.0,55.0,1.0,3.0,4.0,1.0,2.0,4.0,1.0,1.0,0.0,1.0,1.0,0.0,0.0
37.0,201.0,2.0,10.0,2.0,2.0,4.0,98.0,11.0,0.0,1.0,0.0,1.0,0.0,0.0
40.0,363.0,5.0,11.0,1.0,2.0,4.0,92.0,18.0,1.0,0.0,0.0,0.0,0.0,1.0
62.0,478.0,2.0,4.0,3.0,4.0,3.0,38.0,16.0,1.0,1.0,0.0,0.0,0.0,1.0
33.0,52.0,4.0,15.0,1.0,3.0,4.0,41.0,18.0,0.0,1.0,0.0,1.0,0.0,0.0
59.0,470.0,2.0,12.0,4.0,4.0,2.0,92.0,8.0,1.0,0.0,1.0,0.0,0.0,1.0
25.0,383.0,1.0,12.0,2.0,1.0,2.0,81.0,10.0,0.0,0.0,1.0,0.0,1.0,0.0
38.0,179.0,1.0,16.0,2.0,2.0,1.0,14.0,10.0,0.0,0.0,1.0,0.0,0.0,0.0
18.0,413.0,5.0,6.0,1.0,4.0,1.0,71.0,5.0,1.0,0.0,1.0,0.0,1.0,0.0
25.0,55.0,3.0,7.0,1.0,1.0,3.0,86.0,10.0,0.0,0.0,1.0,0.0,0.0,1.0
46.0,55.0,4.0,12.0,4.0,3.0,2.0,51.0,18.0,0.0,0.0,1.0,1.0,0.0,0.0
49.0,55.0,4.0,15.0,3.0,2.0,2.0,65.0,6.0,0.0,0.0,1.0,1.0,0.0,0.0
55.0,136.0,3.0,3.0,4.0,4.0,2.0,93.0,3.0,0.0,0.0,1.0,0.0,1.0,0.0
22.0,181.0,1.0,7.0,3.0,3.0,3.0,52.0,8.0,0.0,0.0,0.0,1.0,0.0,0.0
64.0,366.0,1.0,15.0,2.0,4.0,2.0,95.0,9.0,1.0,1.0,0.0,0.0,0.0,1.0
39.0,0.0,2.0,9.0,3.0,1.0,1.0,30.0,5.0,1.0,0.0,1.0,0.0,1.0,0.0
64.0,43.0,5.0,11.0,3.0,3.0,3.0,57.0,2.0,0.0,0.0,1.0,1.0,0.0,0.0
51.0,226.0,5.0,11.0,2.0,4.0,1.0,79.0,2.0,0.0,1.0,0.0,0.0,0.0,0.0
18.0,330.0,5.0,4.0,2.0,3.0,1.0,82.0,7.0,1.0,0.0,0.0,0.0,0.0,0.0
43.0,97.0,2.0,15.0,2.0,1.0,3.0,99.0,17.0,0.0,1.0,0.0,0.0,0.0,1.0
60.0,207.0,5.0,0.0,4.0,3.0,4.0,30.0,10.0,1.0,1.0,0.0,1.0,0.0,0.0
27.0,264.0,3.0,8.0,2.0,4.0,4.0,98.0,12.0,0.0,0.0,1.0,0.0,0.0,1.0
47.0,287.0,2.0,11.0,1.0,1.0,1.0,42.0,2.0,0.0,1.0,0.0,0.0,1.0,0.0
35.0,55.0,3.0,4.0,2.0,2.0,4.0,11.0,10.0,0.0,1.0,0.0,0.0,0.0,0.0
34.0,139.0,2.0,19.0,2.0,4.0,2.0,27.0,1.0,0.0,0.0,1.0,0.0,1.0,0.0
43.0,480.0,5.0,2.0,2.0,4.0,3.0,24.0,4.0,0.0,0.0,1.0,1.0,0.0,0.0
25.0,236.0,3.0,4.0,3.0,1.0,1.0,99.0,13.0,0.0,0.0,1.0,0.0,0.0,1.0
64.0,461.0,3.0,1.0,4.0,1.0,2.0,39.0,12.0,0.0,0.0,1.0,0.0,0.0,1.0
57.0,440.0,3.0,13.0,2.0,2.0,4.0,72.0,11.0,1.0,1.0,0.0,0.0,0.0,1.0
29.0,391.0,2.0,1.0,4.0,4.0,2.0,18.0,10.0,1.0,1.0,0.0,0.0,1.0,0.0
44.0,55.0,4.0,12.0,1.0,1.0,4.0,77.0,15.0,1.0,0.0,0.0,0.0,0.0,0.0
25.0,55.0,5.0,6.0,1.0,2.0,1.0,45.0,5.0,0.0,0.0,0.0,0.0,1.0,0.0
42.0,189.0,3.0,9.0,2.0,2.0,2.0,88.0,17.0,0.0,1.0,0.0,0.0,1.0,0.0
63.0,267.0,4.0,12.0,1.0,1.0,3.0,87.0,5.0,0.0,0.0,0.0,1.0,0.0,0.0
21.0,55.0,5.0,15.0,4.0,4.0,1.0,12.0,2.0,0.0,1.0,0.0,1.0,0.0,0.0
50.0,55.0,5.0,13.0,3.0,3.0,2.0,49.0,9.0,0.0,0.0,0.0,1.0,0.0,0.0
18.0,55.0,3.0,10.0,2.0,3.0,2.0,94.0,6.0,0.0,0.0,1.0,0.0,0.0,0.0
36.0,41.0,3.0,9.0,1.0,2.0,4.0,31.0,18.0,0.0,0.0,0.0,0.0,0.0,0.0
48.0,189.0,2.0,5.0,4.0,3.0,1.0,92.0,14.0,1.0,0.0,1.0,1.0,0.0,0.0
33.0,370.0,4.0,3.0,4.0,3.0,1.0,22.0,19.0,0.0,0.0,1.0,1.0,0.0,0.0
31.0,55.0,4.0,0.0,1.0,1.0,1.0,44.0,14.0,1.0,0.0,1.0,0.0,0.0,0.0
22.0,102.0,3.0,6.0,4.0,2.0,1.0,92.0,8.0,1.0,0.0,1.0,0.0,0.0,1.0
58.0,170.0,5.0,8.0,4.0,4.0,4.0,64.0,17.0,0.0,0.0,0.0,0.0,0.0,0.0
43.0,350.0,3.0,7.0,2.0,2.0,3.0,77.0,3.0,0.0,1.0,0.0,0.0,0.0,0.0
45.0,272.0,5.0,4.0,4.0,1.0,1.0,25.0,10.0,1.0,0.0,1.0,0.0,0.0,0.0
19.0,55.0,5.0,18.0,1.0,3.0,4.0,51.0,17.0,1.0,0.0,0.0,1.0,0.0,0.0
23.0,415.0,3.0,9.0,2.0,4.0,3.0,7.0,11.0,0.0,0.0,1.0,0.0,0.0,1.0
26.0,220.0,1.0,10.0,1.0,2.0,3.0,6.0,8.0,0.0,0.0,0.0,0.0,0.0,0.0
50.0,55.0,4.0,14.0,3.0,3.0,4.0,24.0,1.0,1.0,0.0,0.0,1.0,0.0,0.0
58.0,340.0,5.0,5.0,1.0,2.0,1.0,19.0,13.0,0.0,0.0,0.0,0.0,1.0,0.0
42.0,423.0,5.0,14.0,1.0,4.0,3.0,83.0,4.0,0.0,1.0,0.0,0.0,1.0,0.0
30.0,406.0,1.0,4.0,2.0,2.0,1.0,9.0,7.0,0.0,0.0,0.0,0.0,0.0,0.0
26.0,55.0,2.0,18.0,4.0,2.0,1.0,36.0,14.0,1.0,0.0,0.0,0.0,1.0,0.0
30.0,389.0,1.0,18.0,1.0,2.0,2.0,40.0,5.0,1.0,1.0,0.0,0.0,0.0,1.0
48.0,55.0,1.0,9.0,2.0,3.0,1.0,93.0,11.0,1.0,1.0,0.0,0.0,1.0,0.0
58.0,433.0,5.0,11.0,3.0,4.0,2.0,24.0,17.0,0.0,0.0,0.0,0.0,1.0,0.0
28.0,101.0,4.0,3.0,2.0,4.0,3.0,48.0,5.0,0.0,1.0,0.0,0.0,0.0,1.0
21.0,420.0,1.0,17.0,2.0,3.0,4.0,63.0,3.0,1.0,0.0,1.0,0.0,0.0,0.0
51.0,492.0,2.0,15.0,4.0,3.0,2.0,69.0,5.0,1.0,0.0,1.0,0.0,0.0,0.0
55.0,191.0,3.0,7.0,1.0,3.0,4.0,53.0,15.0,1.0,1.0,0.0,0.0,0.0,1.0
63.0,498.0,1.0,3.0,3.0,1.0,3.0,54.0,19.0,0.0,1.0,0.0,0.0,0.0,1.0
21.0,309.0,1.0,11.0,2.0,2.0,1.0,42.0,16.0,1.0,0.0,0.0,0.0,0.0,1.0
55.0,55.0,2.0,1.0,1.0,2.0,3.0,45.0,8.0,1.0,1.0,0.0,0.0,1.0,0.0
36.0,232.0,4.0,3.0,1.0,4.0,4.0,90.0,13.0,0.0,0.0,0.0,0.0,0.0,1.0
23.0,432.0,1.0,4.0,2.0,2.0,3.0,14.0,16.0,0.0,0.0,1.0,1.0,0.0,0.0
51.0,226.0,1.0,2.0,1.0,1.0,1.0,29.0,3.0,0.0,1.0,0.0,0.0,1.0,0.0
35.0,370.0,4.0,8.0,2.0,3.0,3.0,6.0,1.0,1.0,0.0,0.0,0.0,0.0,0.0
30.0,138.0,2.0,17.0,2.0,4.0,1.0,7.0,9.0,0.0,0.0,0.0,0.0,0.0,0.0
58.0,343.0,1.0,10.0,2.0,4.0,2.0,37.0,9.0,0.0,0.0,1.0,0.0,0.0,0.0
40.0,304.0,4.0,2.0,3.0,2.0,4.0,53.0,17.0,1.0,1.0,0.0,0.0,1.0,0.0
36.0,148.0,1.0,1.0,2.0,4.0,1.0,18.0,2.0,0.0,0.0,1.0,1.0,0.0,0.0
62.0,55.0,3.0,8.0,4.0,3.0,1.0,87.0,9.0,1.0,0.0,0.0,0.0,0.0,1.0
28.0,449.0,5.0,13.0,1.0,4.0,3.0,38.0,19.0,1.0,0.0,0.0,0.0,0.0,1.0
18.0,62.0,3.0,3.0,3.0,3.0,2.0,59.0,13.0,0.0,1.0,0.0,0.0,0.0,0.0
41.0,55.0,1.0,8.0,1.0,1.0,1.0,1.0,5.0,0.0,0.0,0.0,0.0,0.0,0.0
24.0,338.0,2.0,12.0,3.0,1.0,2.0,68.0,9.0,0.0,1.0,0.0,0.0,1.0,0.0
42.0,358.0,5.0,17.0,4.0,3.0,2.0,44.0,13.0,0.0,0.0,1.0,1.0,0.0,0.0
38.0,155.0,3.0,14.0,3.0,2.0,3.0,47.0,1.0,0.0,1.0,0.0,0.0,0.0,1.0
32.0,272.0,4.0,9.0,3.0,4.0,1.0,35.0,15.0,0.0,1.0,0.0,0.0,1.0,0.0
18.0,5.0,2.0,15.0,3.0,2.0,3.0,87.0,4.0,1.0,0.0,0.0,0.0,0.0,1.0
29.0,146.0,3.0,11.0,1.0,4.0,4.0,91.0,4.0,1.0,0.0,0.0,0.0,0.0,0.0
24.0,55.0,4.0,19.0,2.0,1.0,4.0,60.0,10.0,0.0,1.0,0.0,0.0,0.0,1.0
32.0,485.0,1.0,4.0,1.0,1.0,1.0,90.0,6.0,1.0,0.0,0.0,1.0,0.0,0.0
38.0,27.0,4.0,1.0,2.0,1.0,2.0,52.0,12.0,0.0,0.0,0.0,1.0,0.0,0.0
36.0,449.0,3.0,9.0,1.0,4.0,1.0,8.0,16.0,1.0,0.0,0.0,0.0,0.0,0.0
46.0,37.0,3.0,0.0,4.0,1.0,1.0,80.0,3.0,1.0,1.0,0.0,1.0,0.0,0.0
42.0,118.0,1.0,6.0,4.0,1.0,4.0,41.0,14.0,1.0,0.0,0.0,1.0,0.0,0.0
50.0,292.0,4.0,16.0,3.0,1.0,4.0,3.0,1.0,0.0,1.0,0.0,0.0,1.0,0.0
49.0,370.0,4.0,15.0,4.0,1.0,2.0,96.0,10.0,1.0,0.0,0.0,0.0,0.0,1.0
52.0,243.0,1.0,2.0,3.0,2.0,2.0,69.0,15.0,0.0,0.0,1.0,0.0,0.0,0.0
61.0,67.0,4.0,13.0,2.0,1.0,1.0,84.0,7.0,1.0,0.0,0.0,0.0,0.0,0.0
55.0,213.0,1.0,9.0,4.0,1.0,3.0,14.0,4.0,1.0,0.0,0.0,0.0,0.0,0.0
43.0,217.0,2.0,6.0,2.0,2.0,1.0,96.0,14.0,1.0,1.0,0.0,0.0,0.0,0.0
28.0,176.0,3.0,16.0,1.0,2.0,2.0,26.0,16.0,1.0,1.0,0.0,0.0,0.0,0.0
52.0,298.0,2.0,5.0,2.0,4.0,3.0,70.0,14.0,1.0,0.0,0.0,1.0,0.0,0.0
25.0,163.0,5.0,3.0,1.0,3.0,4.0,58.0,3.0,0.0,0.0,1.0,0.0,1.0,0.0
63.0,57.0,5.0,16.0,2.0,1.0,2.0,40.0,17.0,0.0,0.0,0.0,0.0,0.0,0.0
31.0,268.0,5.0,8.0,2.0,1.0,2.0,51.0,14.0,1.0,0.0,0.0,0.0,1.0,0.0
27.0,307.0,1.0,3.0,4.0,1.0,3.0,5.0,18.0,1.0,0.0,1.0,0.0,1.0,0.0
19.0,55.0,4.0,6.0,2.0,4.0,2.0,77.0,3.0,1.0,1.0,0.0,1.0,0.0,0.0
63.0,287.0,2.0,1.0,4.0,1.0,2.0,32.0,19.0,1.0,0.0,0.0,0.0,0.0,0.0
26.0,464.0,2.0,16.0,4.0,3.0,2.0,80.0,3.0,0.0,1.0,0.0,1.0,0.0,0.0
20.0,104.0,2.0,7.0,3.0,2.0,2.0,1.0,12.0,1.0,1.0,0.0,0.0,0.0,0.0
38.0,55.0,2.0,14.0,3.0,4.0,2.0,77.0,5.0,0.0,0.0,1.0,1.0,0.0,0.0
43.0,246.0,5.0,14.0,1.0,2.0,2.0,54.0,10.0,1.0,0.0,1.0,0.0,1.0,0.0
25.0,187.0,2.0,7.0,2.0,1.0,2.0,11.0,9.0,0.0,1.0,0.0,0.0,0.0,0.0
19.0,493.0,4.0,15.0,1.0,1.0,2.0,53.0,1.0,1.0,0.0,0.0,0.0,0.0,1.0
23.0,82.0,5.0,18.0,2.0,1.0,4.0,8.0,13.0,1.0,1.0,0.0,0.0,1.0,0.0
45.0,55.0,2.0,10.0,3.0,3.0,2.0,25.0,3.0,0.0,0.0,0.0,0.0,0.0,1.0
46.0,251.0,1.0,1.0,3.0,3.0,4.0,40.0,19.0,1.0,0.0,0.0,0.0,1.0,0.0
43.0,354.0,3.0,16.0,2.0,4.0,4.0,32.0,11.0,1.0,0.0,1.0,1.0,0.0,0.0
42.0,237.0,3.0,15.0,2.0,2.0,1.0,88.0,16.0,1.0,0.0,0.0,0.0,0.0,0.0
29.0,359.0,3.0,14.0,3.0,1.0,1.0,28.0,6.0,0.0,0.0,0.0,0.0,1.0,0.0
22.0,183.0,5.0,12.0,3.0,1.0,4.0,78.0,3.0,1.0,1.0,0.0,1.0,0.0,0.0
51.0,283.0,2.0,14.0,1.0,1.0,4.0,3.0,19.0,1.0,0.0,1.0,0.0,0.0,0.0
54.0,384.0,5.0,3.0,3.0,1.0,2.0,91.0,6.0,0.0,0.0,0.0,0.0,0.0,0.0
32.0,425.0,4.0,15.0,2.0,3.0,1.0,84.0,8.0,0.0,0.0,0.0,0.0,1.0,0.0
61.0,55.0,1.0,11.0,1.0,2.0,3.0,79.0,13.0,0.0,0.0,1.0,0.0,0.0,0.0
53.0,303.0,1.0,3.0,2.0,2.0,1.0,62.0,12.0,1.0,1.0,0.0,0.0,1.0,0.0
32.0,295.0,10.0,2.0,4.0,4.0,4.0,27.0,10.0,1.0,0.0,1.0,0.0,0.0,0.0
60.0,96.0,3.0,16.0,1.0,3.0,4.0,45.0,3.0,1.0,0.0,1.0,0.0,0.0,1.0
40.0,446.0,3.0,17.0,2.0,1.0,2.0,92.0,4.0,0.0,0.0,0.0,1.0,0.0,0.0
23.0,55.0,2.0,17.0,3.0,2.0,2.0,25.0,1.0,1.0,0.0,0.0,0.0,0.0,1.0
63.0,455.0,4.0,16.0,4.0,2.0,1.0,61.0,13.0,1.0,1.0,0.0,0.0,1.0,0.0
61.0,55.0,4.0,11.0,2.0,3.0,2.0,44.0,4.0,0.0,0.0,0.0,0.0,0.0,1.0
60.0,55.0,4.0,3.0,1.0,4.0,3.0,97.0,11.0,0.0,0.0,0.0,0.0,1.0,0.0
62.0,369.0,4.0,11.0,2.0,4.0,3.0,46.0,19.0,0.0,0.0,1.0,0.0,0.0,0.0
38.0,55.0,3.0,19.0,4.0,1.0,2.0,14.0,11.0,0.0,0.0,0.0,0.0,0.0,0.0
40.0,421.0,1.0,14.0,1.0,4.0,3.0,8.0,12.0,0.0,1.0,0.0,0.0,1.0,0.0
60.0,491.0,3.0,15.0,4.0,2.0,3.0,48.0,11.0,1.0,0.0,1.0,0.0,0.0,1.0
33.0,410.0,4.0,4.0,2.0,4.0,1.0,14.0,6.0,0.0,1.0,0.0,0.0,0.0,0.0
64.0,136.0,3.0,14.0,3.0,1.0,3.0,65.0,12.0,1.0,0.0,1.0,1.0,0.0,0.0
32.0,366.0,4.0,16.0,3.0,2.0,4.0,80.0,9.0,1.0,0.0,0.0,0.0,0.0,0.0
42.0,55.0,5.0,17.0,2.0,4.0,4.0,82.0,10.0,0.0,0.0,1.0,1.0,0.0,0.0
53.0,55.0,1.0,4.0,2.0,4.0,1.0,7.0,3.0,0.0,0.0,1.0,0.0,0.0,1.0
28.0,75.0,5.0,12.0,2.0,3.0,2.0,79.0,3.0,0.0,0.0,0.0,1.0,0.0,0.0
32.0,286.0,2.0,18.0,1.0,1.0,1.0,88.0,16.0,1.0,0.0,0.0,1.0,0.0,0.0
21.0,55.0,3.0,12.0,4.0,4.0,2.0,49.0,3.0,0.0,1.0,0.0,1.0,0.0,0.0
38.0,374.0,2.0,17.0,4.0,3.0,2.0,55.0,10.0,0.0,1.0,0.0,1.0,0.0,0.0
30.0,55.0,3.0,13.0,4.0,2.0,2.0,13.0,11.0,0.0,0.0,0.0,0.0,0.0,0.0
39.0,55.0,5.0,3.0,2.0,3.0,2.0,73.0,8.0,0.0,0.0,0.0,1.0,0.0,0.0
36.0,55.0,4.0,3.0,4.0,3.0,2.0,56.0,6.0,0.0,0.0,0.0,0.0,0.0,0.0
51.0,289.0,4.0,19.0,2.0,4.0,1.0,56.0,11.0,1.0,0.0,1.0,1.0,0.0,0.0
31.0,66.0,3.0,19.0,1.0,4.0,2.0,15.0,12.0,1.0,0.0,1.0,0.0,1.0,0.0
21.0,55.0,4.0,18.0,3.0,4.0,3.0,57.0,16.0,1.0,0.0,1.0,0.0,0.0,1.0
63.0,55.0,5.0,12.0,2.0,3.0,3.0,58.0,18.0,0.0,0.0,0.0,1.0,0.0,0.0
44.0,117.0,4.0,11.0,2.0,2.0,2.0,35.0,13.0,0.0,1.0,0.0,0.0,1.0,0.0
46.0,489.0,5.0,6.0,3.0,1.0,3.0,88.0,3.0,0.0,0.0,0.0,1.0,0.0,0.0
64.0,72.0,2.0,11.0,3.0,3.0,4.0,97.0,15.0,1.0,0.0,1.0,1.0,0.0,0.0
45.0,281.0,5.0,3.0,1.0,4.0,1.0,16.0,14.0,0.0,0.0,1.0,1.0,0.0,0.0
52.0,55.0,1.0,1.0,4.0,1.0,1.0,8.0,18.0,0.0,0.0,0.0,0.0,1.0,0.0
25.0,447.0,1.0,1.0,2.0,2.0,2.0,93.0,14.0,0.0,0.0,0.0,0.0,0.0,1.0
33.0,359.0,10.0,4.0,4.0,1.0,2.0,87.0,5.0,1.0,0.0,1.0,0.0,1.0,0.0
59.0,9.0,3.0,9.0,2.0,4.0,4.0,45.0,14.0,0.0,0.0,1.0,0.0,0.0,1.0
53.0,210.0,3.0,9.0,1.0,3.0,2.0,95.0,8.0,1.0,0.0,1.0,1.0,0.0,0.0
47.0,322.0,3.0,8.0,3.0,3.0,3.0,40.0,15.0,0.0,0.0,0.0,0.0,0.0,0.0
35.0,55.0,5.0,12.0,1.0,4.0,4.0,54.0,15.0,1.0,0.0,1.0,1.0,0.0,0.0
19.0,4.0,3.0,6.0,3.0,3.0,3.0,14.0,19.0,1.0,0.0,1.0,0.0,0.0,1.0
30.0,194.0,2.0,4.0,4.0,4.0,1.0,59.0,6.0,1.0,1.0,0.0,0.0,1.0,0.0
21.0,441.0,1.0,9.0,4.0,3.0,3.0,94.0,19.0,0.0,0.0,0.0,1.0,0.0,0.0
43.0,282.0,5.0,9.0,1.0,3.0,1.0,53.0,8.0,0.0,1.0,0.0,0.0,1.0,0.0
42.0,463.0,1.0,5.0,3.0,3.0,3.0,27.0,6.0,1.0,1.0,0.0,0.0,1.0,0.0
47.0,112.0,3.0,18.0,1.0,2.0,1.0,47.0,15.0,1.0,0.0,1.0,0.0,1.0,0.0
28.0,270.0,5.0,7.0,3.0,2.0,2.0,80.0,3.0,0.0,0.0,0.0,1.0,0.0,0.0
24.0,162.0,4.0,0.0,3.0,4.0,3.0,6.0,10.0,0.0,0.0,1.0,0.0,1.0,0.0
48.0,459.0,2.0,16.0,4.0,2.0,1.0,55.0,15.0,1.0,0.0,0.0,0.0,1.0,0.0
61.0,104.0,3.0,6.0,4.0,4.0,3.0,97.0,16.0,0.0,1.0,0.0,1.0,0.0,0.0
27.0,180.0,3.0,13.0,3.0,1.0,4.0,44.0,17.0,0.0,0.0,0.0,0.0,1.0,0.0
56.0,43.0,2.0,16.0,3.0,1.0,2.0,18.0,19.0,0.0,0.0,1.0,1.0,0.0,0.0
30.0,281.0,2.0,8.0,3.0,2.0,1.0,16.0,11.0,0.0,0.0,1.0,0.0,0.0,1.0
48.0,174.0,4.0,16.0,4.0,1.0,4.0,12.0,16.0,1.0,0.0,1.0,0.0,0.0,1.0
24.0,161.0,3.0,4.0,4.0,1.0,3.0,20.0,5.0,0.0,0.0,0.0,0.0,0.0,1.0
59.0,470.0,3.0,19.0,2.0,3.0,4.0,45.0,5.0,0.0,1.0,0.0,0.0,1.0,0.0
59.0,350.0,1.0,7.0,3.0,3.0,3.0,64.0,14.0,1.0,1.0,0.0,0.0,0.0,0.0
53.0,55.0,5.0,5.0,2.0,4.0,2.0,59.0,18.0,1.0,0.0,0.0,0.0,0.0,0.0
37.0,55.0,5.0,10.0,3.0,1.0,4.0,93.0,8.0,0.0,0.0,1.0,0.0,1.0,0.0
21.0,139.0,1.0,18.0,4.0,4.0,2.0,94.0,5.0,0.0,1.0,0.0,0.0,0.0,0.0
24.0,470.0,5.0,3.0,2.0,4.0,1.0,90.0,7.0,0.0,0.0,1.0,1.0,0.0,0.0
18.0,131.0,2.0,17.0,2.0,1.0,3.0,22.0,16.0,0.0,0.0,0.0,0.0,0.0,0.0
61.0,86.0,5.0,0.0,1.0,2.0,3.0,97.0,14.0,1.0,0.0,1.0,0.0,1.0,0.0
62.0,175.0,5.0,12.0,3.0,1.0,2.0,47.0,5.0,1.0,1.0,0.0,0.0,1.0,0.0
59.0,182.0,1.0,13.0,4.0,3.0,2.0,29.0,9.0,1.0,1.0,0.0,1.0,0.0,0.0
64.0,367.0,4.0,0.0,1.0,1.0,1.0,86.0,4.0,0.0,0.0,1.0,0.0,0.0,1.0
30.0,128.0,5.0,10.0,1.0,2.0,4.0,45.0,4.0,0.0,0.0,0.0,0.0,1.0,0.0
39.0,245.0,5.0,16.0,3.0,4.0,3.0,77.0,16.0,0.0,0.0,1.0,1.0,0.0,0.0
38.0,88.0,4.0,3.0,1.0,4.0,3.0,9.0,17.0,0.0,0.0,0.0,0.0,0.0,0.0
39.0,65.0,1.0,11.0,3.0,3.0,1.0,24.0,15.0,1.0,0.0,1.0,0.0,0.0,0.0
45.0,157.0,4.0,9.0,1.0,3.0,1.0,15.0,4.0,1.0,1.0,0.0,1.0,0.0,0.0
26.0,55.0,1.0,5.0,3.0,3.0,2.0,36.0,6.0,0.0,0.0,0.0,1.0,0.0,0.0
43.0,377.0,2.0,0.0,4.0,4.0,2.0,13.0,16.0,1.0,0.0,0.0,0.0,1.0,0.0
26.0,55.0,1.0,6.0,3.0,3.0,4.0,91.0,4.0,0.0,0.0,0.0,0.0,0.0,0.0
32.0,55.0,2.0,15.0,3.0,1.0,1.0,44.0,6.0,0.0,1.0,0.0,1.0,0.0,0.0
27.0,339.0,2.0,13.0,2.0,4.0,4.0,71.0,5.0,1.0,0.0,1.0,0.0,0.0,0.0
41.0,432.0,1.0,19.0,4.0,2.0,1.0,72.0,16.0,0.0,1.0,0.0,1.0,0.0,0.0
59.0,115.0,3.0,19.0,4.0,4.0,3.0,78.0,16.0,0.0,0.0,0.0,0.0,0.0,0.0
25.0,213.0,1.0,5.0,4.0,1.0,1.0,76.0,10.0,1.0,0.0,1.0,0.0,0.0,1.0
41.0,468.0,5.0,4.0,1.0,1.0,1.0,36.0,9.0,0.0,1.0,0.0,0.0,1.0,0.0
33.0,445.0,5.0,17.0,2.0,3.0,3.0,61.0,4.0,0.0,0.0,0.0,0.0,0.0,0.0
43.0,480.0,3.0,14.0,4.0,4.0,1.0,81.0,14.0,1.0,0.0,0.0,0.0,0.0,1.0
44.0,371.0,2.0,5.0,1.0,4.0,4.0,40.0,4.0,0.0,1.0,0.0,0.0,0.0,0.0
54.0,293.0,3.0,18.0,1.0,4.0,2.0,93.0,12.0,1.0,1.0,0.0,0.0,0.0,0.0
21.0,252.0,5.0,0.0,1.0,2.0,2.0,27.0,10.0,0.0,1.0,0.0,0.0,0.0,1.0
41.0,142.0,3.0,0.0,2.0,3.0,4.0,1.0,4.0,1.0,0.0,0.0,0.0,0.0,0.0
36.0,249.0,1.0,12.0,1.0,1.0,3.0,34.0,18.0,1.0,1.0,0.0,0.0,0.0,0.0
53.0,365.0,3.0,2.0,2.0,1.0,1.0,68.0,13.0,1.0,0.0,0.0,0.0,1.0,0.0
56.0,435.0,2.0,9.0,3.0,3.0,4.0,88.0,13.0,0.0,1.0,0.0,0.0,0.0,1.0
27.0,462.0,1.0,2.0,1.0,1.0,2.0,21.0,14.0,1.0,0.0,0.0,0.0,0.0,1.0
42.0,301.0,4.0,8.0,4.0,1.0,2.0,33.0,18.0,1.0,0.0,0.0,1.0,0.0,0.0
35.0,24.0,5.0,7.0,1.0,3.0,4.0,7.0,1.0,1.0,0.0,1.0,0.0,0.0,0.0
36.0,55.0,5.0,2.0,3.0,1.0,2.0,65.0,16.0,1.0,1.0,0.0,0.0,1.0,0.0
53.0,471.0,3.0,12.0,3.0,4.0,4.0,3.0,15.0,1.0,1.0,0.0,0.0,0.0,0.0
27.0,376.0,1.0,5.0,1.0,2.0,2.0,51.0,5.0,0.0,0.0,0.0,0.0,0.0,0.0
50.0,55.0,4.0,12.0,3.0,3.0,4.0,79.0,6.0,0.0,0.0,0.0,1.0,0.0,0.0
22.0,55.0,1.0,19.0,2.0,2.0,1.0,95.0,6.0,0.0,0.0,0.0,0.0,0.0,0.0
64.0,69.0,5.0,19.0,2.0,1.0,1.0,54.0,3.0,0.0,0.0,1.0,0.0,1.0,0.0
52.0,112.0,1.0,11.0,1.0,1.0,1.0,80.0,16.0,0.0,0.0,1.0,0.0,1.0,0.0
61.0,362.0,4.0,12.0,2.0,4.0,1.0,74.0,12.0,0.0,0.0,0.0,1.0,0.0,0.0
51.0,111.0,3.0,1.0,2.0,3.0,2.0,93.0,4.0,0.0,1.0,0.0,0.0,0.0,0.0
50.0,363.0,2.0,15.0,4.0,1.0,3.0,59.0,1.0,1.0,1.0,0.0,0.0,1.0,0.0
38.0,302.0,1.0,5.0,1.0,3.0,4.0,6.0,4.0,0.0,0.0,1.0,0.0,0.0,0.0
34.0,470.0,2.0,18.0,3.0,3.0,3.0,29.0,1.0,1.0,0.0,1.0,0.0,0.0,0.0
39.0,451.0,5.0,12.0,1.0,3.0,2.0,17.0,8.0,1.0,0.0,0.0,0.0,0.0,0.0
54.0,55.0,3.0,16.0,2.0,3.0,2.0,60.0,5.0,0.0,1.0,0.0,1.0,0.0,0.0
32.0,17.0,3.0,8.0,4.0,3.0,3.0,22.0,2.0,1.0,0.0,0.0,0.0,0.0,0.0
52.0,148.0,1.0,16.0,1.0,2.0,3.0,24.0,12.0,1.0,0.0,1.0,0.0,1.0,0.0
45.0,475.0,3.0,1.0,1.0,4.0,2.0,81.0,17.0,1.0,1.0,0.0,0.0,0.0,0.0
24.0,226.0,1.0,18.0,2.0,3.0,2.0,85.0,7.0,1.0,1.0,0.0,0.0,1.0,0.0
49.0,213.0,1.0,18.0,2.0,2.0,4.0,51.0,11.0,0.0,0.0,1.0,0.0,0.0,0.0
28.0,55.0,2.0,6.0,1.0,1.0,1.0,50.0,4.0,0.0,0.0,0.0,0.0,1.0,0.0
27.0,150.0,3.0,9.0,2.0,3.0,1.0,11.0,5.0,0.0,0.0,0.0,0.0,1.0,0.0
26.0,55.0,1.0,9.0,2.0,1.0,4.0,56.0,6.0,0.0,1.0,0.0,0.0,0.0,0.0
31.0,450.0,2.0,19.0,2.0,3.0,3.0,71.0,11.0,0.0,0.0,1.0,0.0,0.0,0.0
30.0,55.0,4.0,8.0,2.0,2.0,2.0,42.0,1.0,0.0,1.0,0.0,0.0,1.0,0.0
42.0,55.0,2.0,16.0,2.0,2.0,3.0,39.0,10.0,0.0,0.0,1.0,0.0,0.0,1.0
19.0,137.0,2.0,14.0,4.0,2.0,1.0,69.0,11.0,0.0,0.0,0.0,1.0,0.0,0.0
52.0,55.0,1.0,1.0,2.0,4.0,1.0,48.0,17.0,0.0,0.0,1.0,0.0,0.0,1.0
24.0,179.0,5.0,3.0,3.0,1.0,3.0,57.0,8.0,0.0,0.0,0.0,0.0,0.0,1.0
38.0,55.0,5.0,18.0,1.0,4.0,1.0,21.0,13.0,1.0,0.0,1.0,0.0,0.0,0.0
35.0,55.0,5.0,16.0,4.0,3.0,2.0,82.0,18.0,0.0,1.0,0.0,1.0,0.0,0.0
20.0,202.0,2.0,4.0,4.0,1.0,4.0,99.0,16.0,1.0,0.0,0.0,0.0,0.0,1.0
59.0,60.0,1.0,6.0,2.0,2.0,3.0,20.0,2.0,1.0,1.0,0.0,0.0,0.0,0.0
56.0,191.0,3.0,17.0,1.0,1.0,2.0,15.0,5.0,1.0,1.0,0.0,0.0,0.0,1.0
58.0,4.0,2.0,6.0,3.0,2.0,2.0,69.0,18.0,1.0,0.0,0.0,0.0,0.0,1.0
28.0,377.0,2.0,16.0,2.0,4.0,1.0,77.0,3.0,0.0,0.0,0.0,0.0,0.0,0.0
56.0,236.0,1.0,6.0,1.0,4.0,2.0,51.0,17.0,1.0,1.0,0.0,0.0,0.0,0.0
41.0,180.0,4.0,3.0,2.0,2.0,3.0,76.0,16.0,0.0,1.0,0.0,0.0,0.0,0.0
63.0,310.0,2.0,7.0,2.0,2.0,2.0,62.0,6.0,0.0,1.0,0.0,1.0,0.0,0.0
36.0,55.0,4.0,12.0,2.0,3.0,4.0,85.0,19.0,1.0,1.0,0.0,0.0,0.0,1.0
21.0,55.0,4.0,3.0,2.0,4.0,2.0,37.0,7.0,0.0,0.0,0.0,0.0,0.0,0.0
43.0,442.0,5.0,5.0,2.0,4.0,2.0,6.0,18.0,1.0,0.0,0.0,0.0,1.0,0.0
55.0,236.0,1.0,4.0,2.0,3.0,4.0,71.0,14.0,1.0,1.0,0.0,0.0,0.0,1.0
59.0,357.0,4.0,11.0,2.0,4.0,2.0,26.0,6.0,0.0,0.0,1.0,0.0,1.0,0.0
49.0,348.0,1.0,3.0,3.0,2.0,2.0,8.0,8.0,0.0,0.0,1.0,1.0,0.0,0.0
56.0,196.0,5.0,8.0,4.0,1.0,1.0,73.0,15.0,1.0,0.0,0.0,0.0,0.0,0.0
62.0,72.0,1.0,3.0,3.0,1.0,3.0,91.0,15.0,0.0,1.0,0.0,0.0,1.0,0.0
63.0,55.0,2.0,18.0,2.0,4.0,1.0,4.0,15.0,0.0,1.0,0.0,1.0,0.0,0.0
53.0,55.0,4.0,13.0,2.0,3.0,3.0,21.0,16.0,0.0,0.0,0.0,0.0,0.0,0.0
57.0,55.0,1.0,4.0,3.0,2.0,4.0,31.0,1.0,1.0,0.0,1.0,0.0,1.0,0.0
54.0,55.0,3.0,17.0,3.0,1.0,4.0,21.0,11.0,1.0,0.0,1.0,0.0,1.0,0.0
50.0,359.0,1.0,9.0,4.0,2.0,4.0,25.0,5.0,0.0,0.0,1.0,1.0,0.0,0.0
53.0,187.0,4.0,18.0,3.0,4.0,3.0,15.0,5.0,0.0,0.0,0.0,0.0,0.0,0.0
20.0,306.0,5.0,11.0,4.0,4.0,3.0,35.0,6.0,0.0,0.0,1.0,0.0,0.0,0.0
26.0,29.0,5.0,17.0,2.0,1.0,3.0,49.0,2.0,0.0,0.0,0.0,0.0,1.0,0.0
25.0,266.0,4.0,16.0,1.0,4.0,4.0,43.0,6.0,0.0,0.0,0.0,0.0,1.0,0.0
50.0,475.0,2.0,10.0,1.0,3.0,3.0,41.0,14.0,1.0,1.0,0.0,0.0,1.0,0.0
23.0,107.0,2.0,2.0,1.0,4.0,2.0,37.0,11.0,0.0,0.0,1.0,0.0,0.0,0.0
58.0,331.0,5.0,16.0,1.0,4.0,1.0,57.0,4.0,1.0,0.0,0.0,1.0,0.0,0.0
56.0,422.0,5.0,0.0,2.0,4.0,4.0,42.0,9.0,0.0,0.0,1.0,1.0,0.0,0.0
21.0,89.0,4.0,14.0,1.0,2.0,1.0,47.0,3.0,1.0,0.0,1.0,0.0,0.0,0.0
30.0,204.0,2.0,8.0,3.0,2.0,2.0,92.0,16.0,0.0,1.0,0.0,0.0,0.0,1.0
19.0,55.0,5.0,14.0,3.0,1.0,3.0,61.0,11.0,1.0,0.0,1.0,1.0,0.0,0.0
22.0,455.0,2.0,2.0,1.0,1.0,1.0,14.0,4.0,0.0,1.0,0.0,0.0,1.0,0.0
61.0,55.0,5.0,18.0,3.0,1.0,2.0,68.0,1.0,1.0,0.0,0.0,0.0,0.0,1.0
44.0,55.0,1.0,12.0,4.0,4.0,2.0,53.0,16.0,1.0,0.0,1.0,0.0,0.0,1.0
49.0,444.0,3.0,11.0,2.0,2.0,1.0,84.0,19.0,1.0,0.0,0.0,1.0,0.0,0.0
38.0,380.0,1.0,19.0,1.0,3.0,4.0,34.0,16.0,1.0,0.0,1.0,0.0,0.0,1.0
25.0,437.0,5.0,0.0,1.0,4.0,1.0,76.0,11.0,1.0,0.0,0.0,0.0,0.0,1.0
55.0,219.0,3.0,16.0,2.0,4.0,4.0,97.0,8.0,1.0,0.0,1.0,1.0,0.0,0.0
25.0,377.0,3.0,12.0,3.0,4.0,3.0,24.0,1.0,0.0,0.0,1.0,1.0,0.0,0.0
20.0,93.0,5.0,0.0,2.0,3.0,4.0,20.0,9.0,1.0,0.0,1.0,0.0,0.0,1.0
61.0,456.0,5.0,9.0,2.0,1.0,3.0,69.0,12.0,0.0,0.0,1.0,0.0,1.0,0.0
20.0,55.0,2.0,14.0,3.0,3.0,1.0,30.0,8.0,0.0,0.0,1.0,0.0,0.0,0.0
39.0,55.0,5.0,6.0,2.0,1.0,3.0,88.0,17.0,0.0,0.0,1.0,0.0,0.0,1.0
23.0,185.0,4.0,17.0,3.0,3.0,2.0,7.0,10.0,0.0,0.0,1.0,0.0,0.0,1.0
19.0,55.0,5.0,15.0,3.0,2.0,3.0,36.0,7.0,0.0,0.0,1.0,0.0,1.0,0.0
40.0,183.0,4.0,13.0,2.0,4.0,4.0,38.0,19.0,1.0,0.0,1.0,0.0,0.0,1.0
61.0,55.0,5.0,17.0,4.0,4.0,4.0,80.0,6.0,1.0,0.0,0.0,0.0,0.0,1.0
19.0,161.0,2.0,6.0,3.0,4.0,4.0,52.0,19.0,1.0,1.0,0.0,0.0,0.0,0.0
55.0,246.0,4.0,16.0,2.0,1.0,3.0,15.0,18.0,0.0,0.0,1.0,0.0,0.0,0.0
34.0,30.0,1.0,17.0,3.0,3.0,4.0,46.0,15.0,1.0,1.0,0.0,0.0,0.0,0.0
52.0,51.0,4.0,11.0,4.0,2.0,4.0,23.0,2.0,1.0,0.0,1.0,1.0,0.0,0.0
51.0,344.0,2.0,7.0,4.0,3.0,2.0,12.0,14.0,1.0,0.0,1.0,1.0,0.0,0.0
40.0,55.0,4.0,1.0,1.0,4.0,3.0,93.0,10.0,1.0,0.0,0.0,0.0,0.0,0.0
47.0,384.0,5.0,6.0,3.0,2.0,2.0,44.0,16.0,1.0,0.0,0.0,0.0,0.0,0.0
25.0,438.0,5.0,3.0,3.0,2.0,4.0,15.0,7.0,0.0,1.0,0.0,1.0,0.0,0.0
39.0,277.0,2.0,17.0,2.0,4.0,4.0,93.0,8.0,1.0,0.0,0.0,0.0,1.0,0.0
61.0,39.0,3.0,5.0,3.0,3.0,4.0,49.0,10.0,0.0,0.0,0.0,0.0,0.0,1.0
53.0,100.0,5.0,8.0,1.0,4.0,3.0,21.0,15.0,0.0,1.0,0.0,0.0,0.0,1.0
22.0,55.0,1.0,8.0,4.0,3.0,1.0,15.0,8.0,0.0,0.0,0.0,0.0,0.0,0.0
30.0,384.0,2.0,13.0,4.0,2.0,4.0,14.0,13.0,0.0,0.0,1.0,0.0,1.0,0.0
46.0,320.0,4.0,7.0,1.0,2.0,4.0,42.0,12.0,0.0,1.0,0.0,1.0,0.0,0.0
48.0,248.0,4.0,18.0,3.0,4.0,4.0,80.0,8.0,1.0,1.0,0.0,0.0,0.0,0.0
64.0,190.0,1.0,2.0,3.0,2.0,4.0,15.0,15.0,1.0,0.0,1.0,0.0,1.0,0.0
33.0,489.0,5.0,17.0,1.0,1.0,3.0,63.0,12.0,1.0,0.0,0.0,0.0,1.0,0.0
59.0,181.0,2.0,4.0,2.0,2.0,1.0,68.0,11.0,0.0,1.0,0.0,0.0,1.0,0.0
47.0,425.0,1.0,13.0,4.0,1.0,1.0,27.0,19.0,1.0,1.0,0.0,1.0,0.0,0.0
33.0,404.0,10.0,3.0,1.0,2.0,1.0,87.0,14.0,1.0,0.0,1.0,1.0,0.0,0.0
29.0,334.0,2.0,6.0,1.0,4.0,4.0,93.0,18.0,0.0,0.0,1.0,0.0,0.0,1.0
34.0,55.0,4.0,19.0,3.0,4.0,4.0,53.0,13.0,0.0,0.0,0.0,0.0,0.0,1.0
33.0,21.0,2.0,11.0,4.0,1.0,1.0,52.0,4.0,0.0,1.0,0.0,0.0,1.0,0.0
29.0,165.0,3.0,1.0,3.0,4.0,1.0,63.0,17.0,0.0,0.0,0.0,0.0,1.0,0.0
25.0,98.0,10.0,10.0,1.0,2.0,4.0,73.0,19.0,1.0,0.0,0.0,1.0,0.0,0.0
37.0,55.0,3.0,13.0,2.0,2.0,4.0,53.0,9.0,0.0,0.0,1.0,0.0,0.0,1.0
20.0,207.0,2.0,15.0,4.0,4.0,2.0,57.0,7.0,0.0,1.0,0.0,0.0,1.0,0.0
33.0,7.0,3.0,19.0,1.0,2.0,2.0,52.0,1.0,1.0,1.0,0.0,0.0,0.0,1.0
47.0,189.0,4.0,5.0,1.0,3.0,2.0,43.0,7.0,1.0,1.0,0.0,0.0,0.0,1.0
62.0,55.0,5.0,3.0,2.0,3.0,1.0,7.0,7.0,0.0,0.0,1.0,0.0,1.0,0.0
40.0,272.0,3.0,14.0,1.0,2.0,3.0,42.0,7.0,1.0,0.0,1.0,1.0,0.0,0.0
45.0,16.0,3.0,0.0,1.0,4.0,4.0,4.0,8.0,0.0,0.0,1.0,0.0,1.0,0.0
57.0,89.0,10.0,6.0,4.0,1.0,2.0,69.0,16.0,0.0,0.0,1.0,0.0,1.0,0.0
22.0,55.0,3.0,11.0,4.0,4.0,3.0,5.0,3.0,1.0,0.0,1.0,0.0,0.0,1.0
37.0,144.0,1.0,9.0,4.0,1.0,4.0,75.0,13.0,1.0,1.0,0.0,0.0,1.0,0.0
57.0,165.0,4.0,4.0,3.0,4.0,3.0,92.0,10.0,0.0,0.0,0.0,1.0,0.0,0.0
61.0,336.0,1.0,11.0,2.0,2.0,1.0,80.0,18.0,0.0,1.0,0.0,0.0,1.0,0.0
18.0,495.0,4.0,17.0,4.0,3.0,1.0,41.0,7.0,0.0,0.0,0.0,1.0,0.0,0.0
47.0,77.0,3.0,9.0,3.0,4.0,1.0,94.0,5.0,1.0,0.0,1.0,1.0,0.0,0.0
38.0,428.0,1.0,5.0,3.0,1.0,2.0,4.0,7.0,0.0,0.0,0.0,0.0,0.0,1.0
37.0,261.0,3.0,11.0,2.0,3.0,4.0,2.0,17.0,0.0,1.0,0.0,0.0,0.0,0.0
23.0,162.0,4.0,6.0,2.0,1.0,1.0,67.0,4.0,0.0,1.0,0.0,0.0,0.0,0.0
39.0,365.0,3.0,17.0,1.0,2.0,2.0,21.0,16.0,0.0,0.0,0.0,0.0,0.0,1.0
35.0,55.0,1.0,1.0,3.0,3.0,2.0,70.0,19.0,0.0,0.0,1.0,0.0,1.0,0.0
25.0,238.0,1.0,9.0,4.0,1.0,2.0,43.0,10.0,1.0,0.0,1.0,0.0,0.0,1.0
56.0,71.0,3.0,14.0,2.0,4.0,2.0,82.0,3.0,0.0,1.0,0.0,1.0,0.0,0.0
49.0,55.0,2.0,11.0,3.0,2.0,1.0,69.0,3.0,0.0,0.0,0.0,0.0,0.0,0.0
50.0,142.0,4.0,16.0,4.0,2.0,2.0,9.0,17.0,0.0,0.0,1.0,0.0,0.0,1.0
33.0,309.0,4.0,3.0,3.0,2.0,1.0,84.0,10.0,0.0,0.0,1.0,0.0,1.0,0.0
29.0,282.0,3.0,6.0,2.0,4.0,1.0,28.0,17.0,1.0,1.0,0.0,0.0,0.0,1.0
55.0,268.0,2.0,8.0,1.0,4.0,2.0,26.0,17.0,1.0,0.0,1.0,0.0,0.0,0.0
51.0,55.0,1.0,18.0,3.0,3.0,1.0,82.0,4.0,1.0,0.0,0.0,0.0,0.0,1.0
31.0,414.0,5.0,6.0,4.0,4.0,4.0,83.0,6.0,0.0,1.0,0.0,0.0,0.0,1.0
53.0,244.0,5.0,1.0,2.0,3.0,4.0,3.0,12.0,0.0,1.0,0.0,0.0,0.0,0.0
50.0,162.0,3.0,5.0,1.0,2.0,3.0,73.0,17.0,1.0,0.0,0.0,1.0,0.0,0.0
40.0,59.0,2.0,17.0,4.0,3.0,4.0,95.0,17.0,1.0,1.0,0.0,1.0,0.0,0.0
62.0,5.0,2.0,5.0,4.0,1.0,1.0,49.0,10.0,1.0,0.0,1.0,0.0,0.0,0.0
19.0,55.0,4.0,12.0,4.0,2.0,1.0,17.0,7.0,0.0,0.0,1.0,0.0,0.0,1.0
58.0,469.0,1.0,18.0,3.0,2.0,4.0,63.0,16.0,0.0,0.0,0.0,0.0,0.0,0.0
38.0,57.0,2.0,1.0,2.0,3.0,2.0,55.0,13.0,1.0,0.0,1.0,1.0,0.0,0.0
19.0,304.0,5.0,11.0,4.0,2.0,2.0,23.0,3.0,1.0,0.0,0.0,0.0,1.0,0.0
44.0,406.0,1.0,14.0,3.0,4.0,1.0,34.0,2.0,1.0,0.0,0.0,0.0,0.0,1.0
26.0,216.0,1.0,13.0,2.0,1.0,2.0,69.0,16.0,0.0,0.0,1.0,1.0,0.0,0.0
18.0,55.0,3.0,5.0,2.0,3.0,3.0,15.0,6.0,0.0,0.0,0.0,0.0,0.0,1.0
28.0,55.0,2.0,17.0,3.0,3.0,3.0,47.0,6.0,0.0,0.0,1.0,0.0,0.0,0.0
20.0,302.0,3.0,4.0,3.0,2.0,4.0,3.0,13.0,1.0,1.0,0.0,0.0,1.0,0.0
40.0,4.0,2.0,17.0,4.0,4.0,4.0,83.0,7.0,1.0,1.0,0.0,0.0,0.0,0.0
43.0,473.0,4.0,2.0,2.0,2.0,2.0,28.0,5.0,0.0,0.0,0.0,0.0,1.0,0.0
21.0,19.0,3.0,2.0,1.0,2.0,1.0,3.0,7.0,1.0,0.0,1.0,0.0,0.0,1.0
35.0,389.0,3.0,9.0,3.0,3.0,4.0,4.0,2.0,0.0,0.0,1.0,0.0,0.0,1.0
23.0,197.0,5.0,18.0,2.0,2.0,3.0,88.0,17.0,1.0,1.0,0.0,0.0,0.0,0.0
52.0,58.0,3.0,2.0,2.0,1.0,4.0,31.0,13.0,1.0,1.0,0.0,0.0,1.0,0.0
39.0,447.0,2.0,11.0,4.0,2.0,4.0,45.0,16.0,1.0,0.0,1.0,0.0,1.0,0.0
60.0,241.0,5.0,15.0,1.0,2.0,3.0,59.0,2.0,1.0,0.0,0.0,0.0,0.0,1.0
32.0,145.0,10.0,16.0,4.0,3.0,1.0,45.0,5.0,0.0,1.0,0.0,0.0,0.0,0.0
39.0,387.0,3.0,6.0,1.0,2.0,4.0,75.0,18.0,1.0,0.0,0.0,0.0,1.0,0.0
54.0,55.0,4.0,12.0,1.0,4.0,4.0,37.0,7.0,0.0,0.0,0.0,0.0,0.0,1.0
59.0,248.0,3.0,1.0,3.0,3.0,4.0,65.0,11.0,0.0,1.0,0.0,1.0,0.0,0.0
29.0,13.0,1.0,3.0,2.0,2.0,2.0,9.0,11.0,0.0,0.0,0.0,0.0,0.0,0.0
64.0,461.0,5.0,9.0,2.0,1.0,4.0,17.0,17.0,1.0,0.0,0.0,1.0,0.0,0.0
59.0,12.0,1.0,6.0,2.0,1.0,3.0,65.0,16.0,0.0,0.0,1.0,0.0,0.0,0.0
55.0,390.0,5.0,16.0,1.0,3.0,1.0,3.0,13.0,0.0,0.0,0.0,0.0,0.0,1.0
35.0,55.0,4.0,19.0,2.0,3.0,1.0,26.0,5.0,0.0,0.0,1.0,0.0,1.0,0.0
62.0,43.0,3.0,5.0,3.0,2.0,3.0,53.0,16.0,1.0,1.0,0.0,0.0,1.0,0.0
52.0,55.0,3.0,18.0,1.0,4.0,2.0,31.0,16.0,1.0,1.0,0.0,0.0,1.0,0.0
47.0,398.0,3.0,4.0,1.0,2.0,3.0,26.0,16.0,0.0,0.0,1.0,0.0,0.0,0.0
41.0,18.0,5.0,9.0,1.0,1.0,1.0,23.0,14.0,1.0,1.0,0.0,0.0,0.0,1.0
59.0,62.0,3.0,8.0,1.0,4.0,3.0,30.0,6.0,0.0,0.0,0.0,1.0,0.0,0.0
47.0,55.0,1.0,12.0,3.0,4.0,2.0,10.0,2.0,0.0,0.0,0.0,0.0,0.0,1.0
31.0,238.0,10.0,18.0,2.0,4.0,1.0,72.0,14.0,1.0,0.0,0.0,1.0,0.0,0.0
23.0,491.0,4.0,5.0,3.0,2.0,2.0,89.0,16.0,0.0,1.0,0.0,0.0,0.0,0.0
20.0,418.0,1.0,3.0,2.0,1.0,3.0,64.0,13.0,1.0,0.0,0.0,0.0,0.0,0.0
33.0,55.0,3.0,2.0,3.0,3.0,4.0,22.0,15.0,1.0,1.0,0.0,1.0,0.0,0.0
24.0,418.0,3.0,2.0,4.0,2.0,3.0,15.0,12.0,0.0,0.0,0.0,1.0,0.0,0.0
31.0,402.0,2.0,3.0,4.0,3.0,2.0,56.0,9.0,1.0,0.0,1.0,1.0,0.0,0.0
26.0,403.0,5.0,4.0,4.0,4.0,3.0,74.0,18.0,1.0,1.0,0.0,0.0,0.0,1.0
32.0,99.0,1.0,7.0,4.0,4.0,4.0,20.0,14.0,0.0,1.0,0.0,1.0,0.0,0.0
38.0,55.0,2.0,15.0,1.0,2.0,2.0,47.0,4.0,0.0,0.0,0.0,0.0,0.0,0.0
52.0,415.0,4.0,2.0,1.0,1.0,3.0,87.0,8.0,1.0,1.0,0.0,0.0,0.0,0.0
19.0,121.0,5.0,11.0,3.0,4.0,2.0,53.0,8.0,1.0,1.0,0.0,0.0,1.0,0.0
44.0,431.0,1.0,7.0,3.0,3.0,2.0,53.0,16.0,0.0,0.0,1.0,1.0,0.0,0.0
19.0,43.0,3.0,12.0,4.0,3.0,1.0,1.0,10.0,1.0,0.0,1.0,0.0,0.0,1.0
52.0,359.0,1.0,3.0,2.0,2.0,1.0,2.0,17.0,1.0,0.0,0.0,0.0,0.0,1.0
35.0,407.0,3.0,13.0,4.0,3.0,2.0,58.0,1.0,1.0,0.0,1.0,0.0,0.0,1.0
31.0,316.0,5.0,13.0,3.0,1.0,3.0,19.0,18.0,1.0,0.0,0.0,0.0,1.0,0.0
37.0,380.0,3.0,12.0,4.0,4.0,3.0,62.0,10.0,1.0,0.0,0.0,0.0,0.0,0.0
35.0,144.0,4.0,5.0,3.0,3.0,3.0,78.0,4.0,1.0,0.0,0.0,0.0,0.0,1.0
27.0,55.0,3.0,16.0,4.0,3.0,4.0,72.0,1.0,1.0,1.0,0.0,0.0,0.0,0.0
42.0,362.0,4.0,3.0,2.0,4.0,2.0,12.0,4.0,0.0,0.0,1.0,0.0,1.0,0.0
19.0,55.0,5.0,7.0,4.0,2.0,2.0,26.0,4.0,0.0,0.0,0.0,1.0,0.0,0.0
42.0,64.0,5.0,16.0,2.0,3.0,4.0,27.0,4.0,0.0,0.0,1.0,1.0,0.0,0.0
50.0,354.0,1.0,2.0,2.0,2.0,2.0,29.0,17.0,0.0,0.0,0.0,1.0,0.0,0.0
53.0,287.0,4.0,16.0,3.0,2.0,2.0,15.0,9.0,0.0,0.0,1.0,0.0,0.0,1.0
19.0,307.0,2.0,0.0,2.0,3.0,4.0,26.0,7.0,0.0,1.0,0.0,0.0,0.0,1.0
21.0,55.0,3.0,12.0,4.0,4.0,2.0,49.0,3.0,0.0,1.0,0.0,1.0,0.0,0.0
39.0,55.0,5.0,3.0,2.0,3.0,2.0,73.0,8.0,0.0,0.0,0.0,1.0,0.0,0.0
63.0,498.0,1.0,3.0,3.0,1.0,3.0,54.0,19.0,0.0,1.0,0.0,0.0,0.0,1.0
26.0,55.0,4.0,4.0,3.0,2.0,2.0,81.0,15.0,0.0,0.0,0.0,0.0,0.0,0.0
32.0,272.0,4.0,9.0,3.0,4.0,1.0,35.0,15.0,0.0,1.0,0.0,0.0,1.0,0.0
25.0,236.0,3.0,4.0,3.0,1.0,1.0,99.0,13.0,0.0,0.0,1.0,0.0,0.0,1.0
55.0,75.0,2.0,9.0,4.0,1.0,3.0,38.0,6.0,0.0,0.0,1.0,0.0,0.0,0.0
50.0,359.0,1.0,9.0,4.0,2.0,4.0,25.0,5.0,0.0,0.0,1.0,1.0,0.0,0.0
29.0,55.0,1.0,2.0,3.0,4.0,1.0,21.0,19.0,1.0,0.0,1.0,0.0,0.0,0.0
27.0,376.0,1.0,5.0,1.0,2.0,2.0,51.0,5.0,0.0,0.0,0.0,0.0,0.0,0.0
21.0,365.0,2.0,0.0,1.0,3.0,4.0,74.0,13.0,0.0,0.0,0.0,0.0,0.0,1.0
18.0,55.0,3.0,10.0,2.0,3.0,2.0,94.0,6.0,0.0,0.0,1.0,0.0,0.0,0.0
41.0,18.0,5.0,9.0,1.0,1.0,1.0,23.0,14.0,1.0,1.0,0.0,0.0,0.0,1.0
51.0,55.0,1.0,18.0,3.0,3.0,1.0,82.0,4.0,1.0,0.0,0.0,0.0,0.0,1.0
30.0,384.0,2.0,13.0,4.0,2.0,4.0,14.0,13.0,0.0,0.0,1.0,0.0,1.0,0.0
46.0,44.0,1.0,17.0,2.0,2.0,2.0,36.0,14.0,1.0,0.0,0.0,0.0,1.0,0.0
23.0,185.0,4.0,17.0,3.0,3.0,2.0,7.0,10.0,0.0,0.0,1.0,0.0,0.0,1.0
42.0,463.0,1.0,5.0,3.0,3.0,3.0,27.0,6.0,1.0,1.0,0.0,0.0,1.0,0.0
42.0,402.0,1.0,18.0,4.0,3.0,1.0,55.0,12.0,1.0,0.0,1.0,0.0,1.0,0.0
58.0,460.0,4.0,17.0,1.0,1.0,3.0,69.0,5.0,0.0,1.0,0.0,1.0,0.0,0.0
33.0,388.0,5.0,11.0,3.0,2.0,1.0,97.0,7.0,0.0,0.0,1.0,1.0,0.0,0.0
41.0,337.0,3.0,11.0,3.0,4.0,1.0,12.0,6.0,1.0,0.0,0.0,1.0,0.0,0.0
19.0,212.0,4.0,1.0,3.0,4.0,1.0,3.0,9.0,0.0,1.0,0.0,0.0,0.0,1.0
30.0,338.0,5.0,3.0,1.0,4.0,4.0,16.0,1.0,0.0,0.0,0.0,0.0,0.0,0.0
21.0,55.0,4.0,5.0,4.0,4.0,2.0,45.0,12.0,1.0,0.0,0.0,0.0,1.0,0.0
20.0,90.0,5.0,17.0,2.0,4.0,3.0,64.0,12.0,1.0,0.0,0.0,0.0,0.0,0.0
19.0,121.0,5.0,11.0,3.0,4.0,2.0,53.0,8.0,1.0,1.0,0.0,0.0,1.0,0.0
64.0,190.0,1.0,2.0,3.0,2.0,4.0,15.0,15.0,1.0,0.0,1.0,0.0,1.0,0.0
19.0,304.0,5.0,11.0,4.0,2.0,2.0,23.0,3.0,1.0,0.0,0.0,0.0,1.0,0.0
19.0,55.0,3.0,19.0,2.0,2.0,4.0,88.0,14.0,0.0,1.0,0.0,0.0,1.0,0.0
32.0,234.0,5.0,18.0,3.0,3.0,1.0,59.0,13.0,1.0,0.0,1.0,0.0,1.0,0.0
27.0,264.0,3.0,8.0,2.0,4.0,4.0,98.0,12.0,0.0,0.0,1.0,0.0,0.0,1.0
50.0,421.0,1.0,18.0,1.0,3.0,2.0,54.0,9.0,1.0,0.0,0.0,0.0,1.0,0.0
39.0,222.0,4.0,1.0,1.0,3.0,2.0,29.0,6.0,1.0,0.0,1.0,0.0,0.0,1.0
56.0,74.0,4.0,5.0,3.0,2.0,2.0,14.0,8.0,0.0,0.0,0.0,0.0,1.0,0.0
50.0,292.0,4.0,16.0,3.0,1.0,4.0,3.0,1.0,0.0,1.0,0.0,0.0,1.0,0.0
50.0,237.0,2.0,9.0,1.0,2.0,1.0,19.0,17.0,1.0,0.0,0.0,0.0,0.0,1.0
48.0,248.0,4.0,18.0,3.0,4.0,4.0,80.0,8.0,1.0,1.0,0.0,0.0,0.0,0.0
22.0,62.0,3.0,4.0,1.0,3.0,4.0,27.0,15.0,1.0,0.0,0.0,0.0,0.0,1.0
46.0,250.0,3.0,2.0,4.0,2.0,3.0,17.0,8.0,0.0,0.0,0.0,0.0,0.0,1.0
27.0,55.0,3.0,10.0,1.0,1.0,3.0,27.0,17.0,1.0,0.0,0.0,0.0,0.0,0.0
35.0,267.0,2.0,13.0,3.0,3.0,3.0,8.0,1.0,0.0,1.0,0.0,0.0,0.0,1.0
59.0,62.0,3.0,8.0,1.0,4.0,3.0,30.0,6.0,0.0,0.0,0.0,1.0,0.0,0.0
37.0,118.0,1.0,3.0,1.0,3.0,3.0,99.0,18.0,1.0,1.0,0.0,0.0,1.0,0.0
56.0,234.0,1.0,3.0,3.0,3.0,1.0,99.0,9.0,0.0,0.0,0.0,0.0,0.0,1.0
18.0,495.0,4.0,17.0,4.0,3.0,1.0,41.0,7.0,0.0,0.0,0.0,1.0,0.0,0.0
37.0,201.0,2.0,10.0,2.0,2.0,4.0,98.0,11.0,0.0,1.0,0.0,1.0,0.0,0.0
40.0,55.0,2.0,8.0,2.0,4.0,2.0,7.0,17.0,0.0,1.0,0.0,0.0,0.0,0.0
38.0,55.0,5.0,18.0,1.0,4.0,1.0,21.0,13.0,1.0,0.0,1.0,0.0,0.0,0.0
